AdmissionID,CourseAppliedDate,CourseEnrollmentDate,AdmissionFee,CourseId,StudentId,CreatedDate,UpdateDate
301,2023-01-01,2023-01-01,90000,545,4369,,
350,2023-01-03,2023-01-03,80000,545,4368,,
1143,2022-02-02 04:24:24,2022-03-30 08:32:10,94600,389,7312,2022-12-25 14:47:43.224916,2022-12-25 14:47:43.942001
1317,2022-01-03 19:37:55,2022-03-31 08:07:28,85547,342,6330,2022-12-25 14:47:43.184057,2022-12-25 14:47:43.826296
1573,2021-12-28 00:38:44,2022-04-30 11:19:38,91106,254,6868,2022-12-25 14:47:43.530368,2022-12-25 14:47:43.280247
1379,2022-02-20 14:11:01,2022-04-01 23:27:29,88131,389,7096,2022-12-25 14:47:43.949131,2022-12-25 14:47:43.243672
1288,2022-03-05 00:21:48,2022-04-24 09:32:15,95028,271,7815,2022-12-25 14:47:43.303777,2022-12-25 14:47:43.843362
1921,2021-12-08 06:38:28,2022-03-21 02:34:48,93768,387,6175,2022-12-25 14:47:43.379669,2022-12-25 14:47:43.987506
1615,2021-12-01 19:32:12,2022-03-14 12:46:03,95139,355,7488,2022-12-25 14:47:43.382085,2022-12-25 14:47:43.216893
1985,2022-02-02 04:43:11,2022-04-19 00:29:43,88440,389,8289,2022-12-25 14:47:43.809863,2022-12-25 14:47:43.027218
1141,2021-12-19 09:13:44,2022-03-15 22:27:17,95929,355,6991,2022-12-25 14:47:43.735975,2022-12-25 14:47:43.580829
1706,2022-02-08 11:04:52,2022-03-31 04:08:45,94708,355,6529,2022-12-25 14:47:43.871372,2022-12-25 14:47:43.384923
1873,2022-01-30 18:10:16,2022-03-20 05:56:05,94496,387,7494,2022-12-25 14:47:43.142763,2022-12-25 14:47:43.071930
1213,2021-12-23 16:32:36,2022-03-14 11:30:41,98931,355,6554,2022-12-25 14:47:43.941388,2022-12-25 14:47:43.610068
1259,2022-03-11 04:51:19,2022-04-02 00:24:16,90194,389,8192,2022-12-25 14:47:43.865182,2022-12-25 14:47:43.244782
1434,2022-02-05 08:53:51,2022-03-25 15:00:34,87125,387,6595,2022-12-25 14:47:43.031529,2022-12-25 14:47:43.214969
1154,2022-02-23 12:54:36,2022-04-21 08:03:41,95272,342,6207,2022-12-25 14:47:43.812488,2022-12-25 14:47:43.870852
1311,2022-01-07 06:39:16,2022-03-28 22:51:09,90185,389,7659,2022-12-25 14:47:43.747223,2022-12-25 14:47:43.179377
1344,2022-03-09 17:26:17,2022-03-21 00:19:47,98005,387,6282,2022-12-25 14:47:43.691425,2022-12-25 14:47:43.819560
1460,2022-01-15 00:09:10,2022-03-27 19:42:06,95158,389,6618,2022-12-25 14:47:43.356615,2022-12-25 14:47:43.947090
1391,2022-02-05 20:31:45,2022-03-29 12:08:20,90419,389,6830,2022-12-25 14:47:43.596197,2022-12-25 14:47:43.094243
1698,2021-12-27 11:27:53,2022-04-03 15:49:49,92325,271,6476,2022-12-25 14:47:43.714990,2022-12-25 14:47:43.051793
1909,2021-12-21 22:51:18,2022-04-27 01:03:21,91590,355,8751,2022-12-25 14:47:43.188567,2022-12-25 14:47:43.992188
1959,2022-01-01 00:47:28,2022-03-26 02:44:07,97170,254,6708,2022-12-25 14:47:43.245182,2022-12-25 14:47:43.773278
1427,2022-01-08 12:19:24,2022-04-02 09:20:32,88029,271,8144,2022-12-25 14:47:43.147304,2022-12-25 14:47:43.965704
1129,2022-02-18 04:05:07,2022-03-31 03:36:13,85170,271,8713,2022-12-25 14:47:43.142846,2022-12-25 14:47:43.532880
1931,2021-12-03 00:46:06,2022-03-19 00:22:28,94415,271,7111,2022-12-25 14:47:43.336000,2022-12-25 14:47:43.155118
1765,2021-12-23 09:21:54,2022-04-21 16:20:19,86086,342,6996,2022-12-25 14:47:43.413346,2022-12-25 14:47:43.222153
1829,2022-02-26 23:38:39,2022-03-21 02:14:27,97024,271,8840,2022-12-25 14:47:43.592265,2022-12-25 14:47:43.681830
1245,2022-02-01 05:34:12,2022-04-26 08:59:29,98204,342,7702,2022-12-25 14:47:43.875526,2022-12-25 14:47:43.865920
1287,2022-01-27 04:36:36,2022-04-23 02:17:19,93071,355,6571,2022-12-25 14:47:43.501586,2022-12-25 14:47:43.188891
1926,2022-01-14 07:57:30,2022-04-19 01:43:36,91181,271,6687,2022-12-25 14:47:43.199025,2022-12-25 14:47:43.679467
1766,2021-12-30 22:38:28,2022-04-25 19:26:19,93512,342,6436,2022-12-25 14:47:43.634084,2022-12-25 14:47:43.722667
1031,2022-01-23 15:06:10,2022-03-12 10:13:53,95429,254,6808,2022-12-25 14:47:43.382389,2022-12-25 14:47:43.339062
1571,2022-03-11 12:48:52,2022-03-12 23:14:51,94133,389,6963,2022-12-25 14:47:43.915725,2022-12-25 14:47:43.669958
1568,2022-03-11 11:12:51,2022-04-05 23:03:11,88874,254,7177,2022-12-25 14:47:43.705408,2022-12-25 14:47:43.905676
1420,2022-01-22 19:46:08,2022-04-26 12:30:54,97788,342,8294,2022-12-25 14:47:43.365934,2022-12-25 14:47:43.222321
1958,2022-02-08 12:53:50,2022-03-23 16:51:54,93832,355,7868,2022-12-25 14:47:43.705069,2022-12-25 14:47:43.091655
1323,2021-12-02 06:27:51,2022-04-01 20:51:30,99011,389,6821,2022-12-25 14:47:43.625232,2022-12-25 14:47:43.510274
1721,2022-01-04 23:42:36,2022-04-24 06:58:22,85205,355,8690,2022-12-25 14:47:43.818929,2022-12-25 14:47:43.570844
1270,2021-12-09 18:01:18,2022-03-16 13:19:05,93647,355,6478,2022-12-25 14:47:43.164989,2022-12-25 14:47:43.915588
1723,2021-12-20 09:33:29,2022-04-28 22:52:14,87427,254,6478,2022-12-25 14:47:43.431929,2022-12-25 14:47:43.219221
1993,2022-02-04 16:29:53,2022-04-02 13:04:53,87467,254,6476,2022-12-25 14:47:43.865688,2022-12-25 14:47:43.878747
1593,2022-01-06 19:26:57,2022-03-30 18:35:46,92216,254,7881,2022-12-25 14:47:43.320588,2022-12-25 14:47:43.824521
1086,2022-01-26 18:26:38,2022-04-12 16:14:44,98204,254,8778,2022-12-25 14:47:43.372280,2022-12-25 14:47:43.999512
1628,2022-01-27 05:29:25,2022-03-14 11:06:22,96188,342,6632,2022-12-25 14:47:43.476190,2022-12-25 14:47:43.175188
1639,2022-01-09 11:04:53,2022-03-26 10:06:15,98403,389,8348,2022-12-25 14:47:43.477225,2022-12-25 14:47:43.935876
1760,2021-12-29 03:06:22,2022-04-06 02:18:25,98411,254,8489,2022-12-25 14:47:43.844037,2022-12-25 14:47:43.024524
1087,2022-01-25 13:02:18,2022-04-03 17:00:57,99233,254,8955,2022-12-25 14:47:43.756946,2022-12-25 14:47:43.768513
1960,2022-01-17 23:00:37,2022-04-15 14:56:04,85748,389,8772,2022-12-25 14:47:43.440463,2022-12-25 14:47:43.212650
1703,2022-01-20 12:18:12,2022-04-20 22:34:25,92359,389,7495,2022-12-25 14:47:43.761992,2022-12-25 14:47:43.589432
1470,2021-12-11 00:30:51,2022-03-28 13:49:41,93872,254,8806,2022-12-25 14:47:43.587282,2022-12-25 14:47:43.553737
1422,2021-12-26 12:53:42,2022-04-23 00:27:05,94516,271,6991,2022-12-25 14:47:43.826729,2022-12-25 14:47:43.834468
1573,2022-01-30 08:41:23,2022-04-27 17:32:18,97879,342,8616,2022-12-25 14:47:43.952773,2022-12-25 14:47:43.791328
1792,2022-01-15 23:13:37,2022-03-12 16:54:57,98455,271,7508,2022-12-25 14:47:43.017193,2022-12-25 14:47:43.357966
1384,2022-02-08 02:08:20,2022-04-11 13:04:33,92705,389,7338,2022-12-25 14:47:43.837293,2022-12-25 14:47:43.503365
1032,2022-02-12 07:04:36,2022-04-21 23:26:46,87167,254,7716,2022-12-25 14:47:43.411520,2022-12-25 14:47:43.579017
1483,2022-01-03 07:30:12,2022-04-06 16:33:12,99523,271,6653,2022-12-25 14:47:43.484789,2022-12-25 14:47:43.336879
1163,2022-02-15 22:11:23,2022-03-25 11:29:01,94628,254,8705,2022-12-25 14:47:43.989888,2022-12-25 14:47:43.157012
1568,2022-03-05 08:21:55,2022-03-27 13:59:31,97303,342,7821,2022-12-25 14:47:43.250726,2022-12-25 14:47:43.061581
1316,2022-02-28 22:58:32,2022-03-20 16:45:02,94136,271,6868,2022-12-25 14:47:43.059396,2022-12-25 14:47:43.615900
1024,2021-12-30 04:22:00,2022-03-19 12:48:12,86854,389,8553,2022-12-25 14:47:43.733973,2022-12-25 14:47:43.188330
1980,2022-01-17 11:50:51,2022-03-12 13:57:40,91150,254,7000,2022-12-25 14:47:43.380030,2022-12-25 14:47:43.145953
1325,2022-01-29 00:52:20,2022-04-02 10:39:03,87645,271,8997,2022-12-25 14:47:43.743978,2022-12-25 14:47:43.035033
1120,2021-12-13 02:00:30,2022-04-06 20:40:07,99670,254,6634,2022-12-25 14:47:43.061272,2022-12-25 14:47:43.379194
1412,2022-01-19 15:12:45,2022-03-23 23:58:07,97003,389,8158,2022-12-25 14:47:43.626294,2022-12-25 14:47:43.295236
1328,2021-12-09 01:54:35,2022-04-17 05:42:09,86223,342,7455,2022-12-25 14:47:43.485153,2022-12-25 14:47:43.518728
1338,2021-12-05 00:40:06,2022-04-26 01:17:17,94518,355,6908,2022-12-25 14:47:43.625741,2022-12-25 14:47:43.001252
1092,2021-12-13 23:07:16,2022-04-06 13:36:33,99509,342,8675,2022-12-25 14:47:43.181029,2022-12-25 14:47:43.632750
1948,2021-12-13 10:38:08,2022-03-13 13:08:23,87333,389,7705,2022-12-25 14:47:43.374023,2022-12-25 14:47:43.954426
1683,2022-01-18 06:21:02,2022-03-23 10:44:21,89534,389,8109,2022-12-25 14:47:43.235733,2022-12-25 14:47:43.852305
1598,2022-01-01 00:35:17,2022-04-13 03:04:52,92065,355,8195,2022-12-25 14:47:43.948705,2022-12-25 14:47:43.619114
1506,2022-03-01 02:22:16,2022-04-29 08:04:54,90727,254,8228,2022-12-25 14:47:43.138492,2022-12-25 14:47:43.011006
1676,2021-12-01 20:17:05,2022-04-28 18:41:33,86770,387,7987,2022-12-25 14:47:43.681927,2022-12-25 14:47:43.538342
1431,2022-02-11 06:17:38,2022-04-19 05:30:26,93239,355,7999,2022-12-25 14:47:43.387431,2022-12-25 14:47:43.189354
1153,2021-12-05 01:23:15,2022-04-04 01:41:23,85351,254,6081,2022-12-25 14:47:43.650873,2022-12-25 14:47:43.037823
1692,2022-03-04 01:15:00,2022-04-29 00:59:12,88387,355,6981,2022-12-25 14:47:43.178934,2022-12-25 14:47:43.085923
1967,2021-12-05 19:04:05,2022-04-20 13:28:06,88315,254,7827,2022-12-25 14:47:43.314356,2022-12-25 14:47:43.012616
1810,2022-02-08 07:37:03,2022-04-07 12:09:11,97503,355,8503,2022-12-25 14:47:43.612241,2022-12-25 14:47:43.124328
1154,2022-01-09 09:31:07,2022-04-27 06:17:11,99240,389,6251,2022-12-25 14:47:43.329614,2022-12-25 14:47:43.271137
1922,2021-12-16 22:29:33,2022-04-22 12:23:25,87188,254,6478,2022-12-25 14:47:43.082937,2022-12-25 14:47:43.280168
1409,2022-02-07 04:12:48,2022-03-14 10:42:35,88653,254,6545,2022-12-25 14:47:43.902381,2022-12-25 14:47:43.856556
1238,2022-01-18 13:43:55,2022-04-08 16:43:25,89611,254,6908,2022-12-25 14:47:43.227715,2022-12-25 14:47:43.319741
1682,2022-02-28 04:51:48,2022-04-28 11:31:19,88005,389,8330,2022-12-25 14:47:43.799479,2022-12-25 14:47:43.676713
1040,2021-12-09 19:51:37,2022-04-28 18:39:24,88700,271,7494,2022-12-25 14:47:43.028315,2022-12-25 14:47:43.344349
1474,2022-01-03 00:07:00,2022-04-15 00:36:59,98514,387,6478,2022-12-25 14:47:43.265591,2022-12-25 14:47:43.828625
1263,2022-03-01 23:02:32,2022-03-13 12:55:32,86368,271,6282,2022-12-25 14:47:43.187085,2022-12-25 14:47:43.764129
1408,2022-01-07 09:24:34,2022-04-28 18:55:14,85532,355,6821,2022-12-25 14:47:43.563574,2022-12-25 14:47:43.217245
1984,2022-01-14 10:50:27,2022-04-13 12:51:58,91976,271,8358,2022-12-25 14:47:43.357994,2022-12-25 14:47:43.029633
1118,2022-02-17 18:01:50,2022-03-17 00:44:48,92858,387,7893,2022-12-25 14:47:43.783847,2022-12-25 14:47:43.531305
1777,2022-01-13 13:31:01,2022-03-19 21:30:06,91318,271,6671,2022-12-25 14:47:43.776644,2022-12-25 14:47:43.183264
1666,2022-03-10 19:46:30,2022-04-10 07:44:25,91560,254,7978,2022-12-25 14:47:43.436625,2022-12-25 14:47:43.645018
1465,2022-03-10 20:27:38,2022-03-25 13:24:40,93723,342,6963,2022-12-25 14:47:43.240230,2022-12-25 14:47:43.542956
1127,2022-01-12 16:08:58,2022-04-16 17:36:09,88858,271,6457,2022-12-25 14:47:43.828269,2022-12-25 14:47:43.840591
1190,2021-12-31 11:06:45,2022-04-10 08:36:09,87059,389,8144,2022-12-25 14:47:43.852899,2022-12-25 14:47:43.025586
1271,2022-02-25 04:23:45,2022-04-13 05:50:23,96885,271,8354,2022-12-25 14:47:43.831198,2022-12-25 14:47:43.339915
1563,2022-02-02 13:34:00,2022-04-14 21:20:01,88600,342,8109,2022-12-25 14:47:43.929527,2022-12-25 14:47:43.161393
1472,2021-12-21 13:53:48,2022-04-16 00:06:08,89598,342,8730,2022-12-25 14:47:43.877052,2022-12-25 14:47:43.363825
1808,2021-12-31 03:07:08,2022-03-30 17:23:38,88223,254,6488,2022-12-25 14:47:43.090956,2022-12-25 14:47:43.854222
1371,2022-01-17 01:29:26,2022-04-15 06:43:02,97975,355,8289,2022-12-25 14:47:43.377708,2022-12-25 14:47:43.221670
1076,2021-12-17 09:23:45,2022-03-31 07:25:04,95524,355,7768,2022-12-25 14:47:43.281168,2022-12-25 14:47:43.120522
1853,2021-12-06 13:20:16,2022-03-30 14:35:55,87501,254,8109,2022-12-25 14:47:43.073393,2022-12-25 14:47:43.636217
1871,2022-01-24 07:50:08,2022-04-29 14:44:18,95952,389,8587,2022-12-25 14:47:43.408455,2022-12-25 14:47:43.938897
1540,2021-12-22 12:47:12,2022-04-21 00:27:48,97149,355,6081,2022-12-25 14:47:43.932127,2022-12-25 14:47:43.173688
1997,2022-03-07 22:36:52,2022-03-12 01:11:22,91892,254,8587,2022-12-25 14:47:43.572108,2022-12-25 14:47:43.755019
1952,2021-12-18 21:00:43,2022-04-03 10:57:28,99183,254,7301,2022-12-25 14:47:43.876756,2022-12-25 14:47:43.229603
1886,2022-02-14 03:28:00,2022-03-27 20:35:57,98929,254,7702,2022-12-25 14:47:43.187556,2022-12-25 14:47:43.471554
1826,2022-01-21 00:22:37,2022-04-05 22:49:10,93777,387,8616,2022-12-25 14:47:43.650230,2022-12-25 14:47:43.279727
1246,2021-12-12 17:19:18,2022-03-26 07:05:11,85704,389,7508,2022-12-25 14:47:43.204226,2022-12-25 14:47:43.792516
1562,2022-02-17 04:51:57,2022-04-15 18:47:36,85384,389,7455,2022-12-25 14:47:43.040182,2022-12-25 14:47:43.768788
1763,2022-02-21 01:37:06,2022-03-13 05:33:36,88306,271,8778,2022-12-25 14:47:43.027485,2022-12-25 14:47:43.670585
1129,2021-12-20 08:05:54,2022-04-20 15:24:55,86344,389,6086,2022-12-25 14:47:43.241485,2022-12-25 14:47:43.443340
1202,2022-02-27 09:45:17,2022-04-30 05:26:59,92530,271,7348,2022-12-25 14:47:43.188421,2022-12-25 14:47:43.044857
1502,2021-12-14 21:05:42,2022-04-29 22:44:25,96184,254,7433,2022-12-25 14:47:43.069365,2022-12-25 14:47:43.386561
1288,2022-01-15 17:17:45,2022-04-04 00:10:04,98214,342,7881,2022-12-25 14:47:43.960687,2022-12-25 14:47:43.577507
1840,2022-03-06 23:03:57,2022-03-27 09:25:23,88389,389,7999,2022-12-25 14:47:43.078256,2022-12-25 14:47:43.242334
1695,2021-12-11 00:02:12,2022-03-21 14:35:03,92794,271,7508,2022-12-25 14:47:43.301598,2022-12-25 14:47:43.018867
1166,2022-02-07 14:42:12,2022-04-03 09:04:34,85099,254,6478,2022-12-25 14:47:43.973315,2022-12-25 14:47:43.958559
1815,2021-12-26 15:40:14,2022-03-31 22:03:52,91152,355,8395,2022-12-25 14:47:43.320436,2022-12-25 14:47:43.925400
1012,2022-01-22 12:09:52,2022-04-18 15:22:37,86035,389,7197,2022-12-25 14:47:43.313628,2022-12-25 14:47:43.100771
1724,2022-01-22 23:33:02,2022-03-11 17:53:20,92005,342,8840,2022-12-25 14:47:43.457429,2022-12-25 14:47:43.880156
1853,2021-12-14 01:28:54,2022-04-02 13:50:53,98704,355,6457,2022-12-25 14:47:43.560302,2022-12-25 14:47:43.631208
1260,2022-02-20 11:31:48,2022-03-23 14:25:15,97832,254,7999,2022-12-25 14:47:43.090194,2022-12-25 14:47:43.736506
1622,2022-01-16 04:30:41,2022-03-18 12:24:36,95254,271,6359,2022-12-25 14:47:43.271662,2022-12-25 14:47:43.137533
1432,2021-12-14 21:18:40,2022-03-27 19:41:39,99125,271,7978,2022-12-25 14:47:43.082883,2022-12-25 14:47:43.162211
1685,2022-01-03 10:04:02,2022-03-26 18:11:19,92380,254,6292,2022-12-25 14:47:43.750778,2022-12-25 14:47:43.575520
1051,2021-12-28 16:01:23,2022-04-16 09:26:30,86572,271,8675,2022-12-25 14:47:43.516738,2022-12-25 14:47:43.157709
1613,2022-01-05 01:41:14,2022-03-15 18:21:44,94547,342,7849,2022-12-25 14:47:43.333872,2022-12-25 14:47:43.640734
1774,2022-02-14 04:04:15,2022-04-18 00:10:53,94141,389,6262,2022-12-25 14:47:43.465450,2022-12-25 14:47:43.424075
1575,2021-12-30 04:53:59,2022-04-17 15:42:23,90450,254,7071,2022-12-25 14:47:43.540190,2022-12-25 14:47:43.571921
1799,2021-12-08 16:55:43,2022-04-13 23:31:18,99492,389,8354,2022-12-25 14:47:43.996314,2022-12-25 14:47:43.751373
1428,2022-01-07 05:52:50,2022-03-28 19:53:15,93438,271,7815,2022-12-25 14:47:43.136671,2022-12-25 14:47:43.943356
1752,2022-02-07 13:25:26,2022-04-24 06:50:19,89712,342,7301,2022-12-25 14:47:43.890032,2022-12-25 14:47:43.420448
1742,2021-12-03 13:54:19,2022-04-17 00:36:54,89263,342,8185,2022-12-25 14:47:43.343138,2022-12-25 14:47:43.749541
1595,2022-02-10 06:57:50,2022-04-03 18:38:05,98029,387,8057,2022-12-25 14:47:43.507688,2022-12-25 14:47:43.318338
1572,2021-12-29 03:48:37,2022-03-17 16:44:22,85412,389,7621,2022-12-25 14:47:43.731915,2022-12-25 14:47:43.947714
1637,2022-03-01 09:52:17,2022-04-27 13:19:57,87370,389,7084,2022-12-25 14:47:43.608670,2022-12-25 14:47:43.777222
1624,2022-02-20 21:55:30,2022-03-10 21:55:19,94756,355,6262,2022-12-25 14:47:43.376876,2022-12-25 14:47:43.771208
1796,2022-01-02 06:49:10,2022-03-19 04:29:29,95675,389,6571,2022-12-25 14:47:43.273062,2022-12-25 14:47:43.105184
1865,2021-12-27 09:09:42,2022-04-07 05:11:54,88886,389,7589,2022-12-25 14:47:43.931150,2022-12-25 14:47:43.412623
1187,2022-03-01 09:30:50,2022-04-17 03:40:47,87136,355,6964,2022-12-25 14:47:43.974584,2022-12-25 14:47:43.852761
1357,2021-12-12 06:11:22,2022-03-22 08:56:19,89232,387,6996,2022-12-25 14:47:43.412704,2022-12-25 14:47:43.012409
1708,2021-12-12 02:31:20,2022-04-21 02:33:41,89061,271,6359,2022-12-25 14:47:43.638752,2022-12-25 14:47:43.578728
1092,2022-03-08 16:32:39,2022-04-10 22:08:43,97601,355,7695,2022-12-25 14:47:43.552411,2022-12-25 14:47:43.040792
1301,2022-02-09 09:48:30,2022-03-15 18:57:04,92355,389,7731,2022-12-25 14:47:43.873189,2022-12-25 14:47:43.310221
1501,2021-12-09 08:48:55,2022-04-23 07:35:45,86255,342,6359,2022-12-25 14:47:43.624449,2022-12-25 14:47:43.333888
1181,2022-02-22 15:57:51,2022-04-18 23:07:59,96383,355,8616,2022-12-25 14:47:43.287773,2022-12-25 14:47:43.557938
1849,2022-01-12 13:29:31,2022-03-20 06:09:19,88438,342,6981,2022-12-25 14:47:43.856712,2022-12-25 14:47:43.792578
1132,2022-01-25 21:30:21,2022-04-20 07:12:45,94184,387,6923,2022-12-25 14:47:43.912729,2022-12-25 14:47:43.387176
1137,2022-03-10 21:59:37,2022-04-13 14:22:17,85060,254,6251,2022-12-25 14:47:43.104646,2022-12-25 14:47:43.518485
1485,2022-02-16 18:37:57,2022-04-02 16:26:30,94282,355,8705,2022-12-25 14:47:43.722441,2022-12-25 14:47:43.361876
1224,2022-01-20 02:09:13,2022-04-20 22:30:27,87688,271,8968,2022-12-25 14:47:43.094824,2022-12-25 14:47:43.929861
1373,2022-01-06 17:30:27,2022-04-26 18:47:35,85617,355,8957,2022-12-25 14:47:43.563647,2022-12-25 14:47:43.419325
1248,2022-02-04 14:52:13,2022-04-19 16:27:27,94631,389,6359,2022-12-25 14:47:43.896623,2022-12-25 14:47:43.175954
1011,2021-12-10 02:40:26,2022-04-10 21:08:25,93584,355,7096,2022-12-25 14:47:43.613078,2022-12-25 14:47:43.528113
1439,2021-12-14 04:16:41,2022-04-20 01:06:50,97448,254,7027,2022-12-25 14:47:43.735126,2022-12-25 14:47:43.303010
1366,2022-03-03 04:43:50,2022-03-22 05:29:25,92648,355,8997,2022-12-25 14:47:43.383209,2022-12-25 14:47:43.591850
1252,2022-01-05 10:13:58,2022-04-17 06:41:33,97815,389,7695,2022-12-25 14:47:43.209807,2022-12-25 14:47:43.373244
1034,2022-02-13 06:58:30,2022-03-31 01:06:49,96695,389,6653,2022-12-25 14:47:43.590930,2022-12-25 14:47:43.180290
1606,2022-01-16 16:42:35,2022-03-24 05:58:45,96947,271,7102,2022-12-25 14:47:43.773950,2022-12-25 14:47:43.428709
1595,2022-02-14 18:03:39,2022-03-31 20:29:48,95210,387,6580,2022-12-25 14:47:43.040420,2022-12-25 14:47:43.664158
1380,2022-02-07 13:24:02,2022-04-08 10:13:36,95073,254,7538,2022-12-25 14:47:43.548127,2022-12-25 14:47:43.099056
1402,2021-12-22 18:12:57,2022-04-27 08:12:34,93833,389,7768,2022-12-25 14:47:43.056499,2022-12-25 14:47:43.479212
1187,2021-12-09 03:33:44,2022-03-25 14:47:23,86040,254,6007,2022-12-25 14:47:43.831281,2022-12-25 14:47:43.504388
1842,2022-03-05 15:10:26,2022-03-28 08:41:29,87402,355,7495,2022-12-25 14:47:43.749039,2022-12-25 14:47:43.668166
1240,2022-01-27 17:27:19,2022-04-14 11:15:38,92546,389,6436,2022-12-25 14:47:43.394212,2022-12-25 14:47:43.549495
1583,2022-01-22 00:39:51,2022-04-25 18:07:18,99829,342,7880,2022-12-25 14:47:43.553260,2022-12-25 14:47:43.441585
1027,2022-03-01 19:01:05,2022-04-16 14:40:45,93870,271,6671,2022-12-25 14:47:43.688208,2022-12-25 14:47:43.602370
1842,2022-01-02 03:47:50,2022-04-17 02:17:55,89437,387,6632,2022-12-25 14:47:43.830143,2022-12-25 14:47:43.309677
1887,2022-03-02 15:04:22,2022-04-02 05:51:28,90532,387,8228,2022-12-25 14:47:43.269862,2022-12-25 14:47:43.111851
1604,2021-12-29 05:50:23,2022-03-10 22:48:34,91296,389,7869,2022-12-25 14:47:43.403679,2022-12-25 14:47:43.939125
1934,2022-02-03 01:21:45,2022-04-28 22:41:32,94016,389,6964,2022-12-25 14:47:43.190040,2022-12-25 14:47:43.455342
1733,2022-01-16 08:54:13,2022-04-19 13:58:38,99313,271,8507,2022-12-25 14:47:43.221160,2022-12-25 14:47:43.148437
1731,2022-02-16 05:24:21,2022-04-19 16:50:15,99521,355,8603,2022-12-25 14:47:43.181772,2022-12-25 14:47:43.697455
1181,2021-12-16 13:27:00,2022-04-23 05:09:23,96809,254,8690,2022-12-25 14:47:43.439626,2022-12-25 14:47:43.506047
1672,2022-01-09 09:44:45,2022-03-26 07:17:19,98839,271,6478,2022-12-25 14:47:43.497894,2022-12-25 14:47:43.162030
1674,2021-12-17 16:16:16,2022-04-05 01:51:59,85805,271,7659,2022-12-25 14:47:43.336713,2022-12-25 14:47:43.698555
1484,2022-02-09 19:59:40,2022-04-09 05:12:04,94780,254,6048,2022-12-25 14:47:43.454043,2022-12-25 14:47:43.723511
1309,2022-01-30 19:38:20,2022-03-27 02:00:20,86908,355,7593,2022-12-25 14:47:43.532068,2022-12-25 14:47:43.526333
1463,2022-01-23 05:26:13,2022-03-19 14:28:02,97639,387,8848,2022-12-25 14:47:43.577806,2022-12-25 14:47:43.734045
1067,2022-01-03 15:00:15,2022-03-29 08:16:35,99257,355,6264,2022-12-25 14:47:43.929725,2022-12-25 14:47:43.230394
1235,2022-02-17 02:38:14,2022-04-22 08:55:30,94507,342,8751,2022-12-25 14:47:43.402144,2022-12-25 14:47:43.200238
1078,2022-03-07 21:20:03,2022-04-08 06:53:29,87204,389,6155,2022-12-25 14:47:43.197331,2022-12-25 14:47:43.576924
1326,2022-02-03 09:58:39,2022-03-26 21:29:20,93603,387,6630,2022-12-25 14:47:43.143140,2022-12-25 14:47:43.622328
1020,2021-12-07 13:43:56,2022-03-12 21:19:30,90439,342,7768,2022-12-25 14:47:43.030134,2022-12-25 14:47:43.176795
1834,2022-02-07 09:33:44,2022-03-26 02:46:11,90204,254,6273,2022-12-25 14:47:43.154212,2022-12-25 14:47:43.965151
1683,2022-02-18 03:28:40,2022-04-29 00:48:40,88796,389,6183,2022-12-25 14:47:43.255220,2022-12-25 14:47:43.080256
1755,2022-01-17 08:39:52,2022-04-11 01:39:19,85401,355,6251,2022-12-25 14:47:43.059738,2022-12-25 14:47:43.296076
1521,2022-02-04 12:35:32,2022-03-30 23:11:36,90510,254,8692,2022-12-25 14:47:43.615435,2022-12-25 14:47:43.857868
1287,2022-01-21 18:02:57,2022-03-18 10:31:52,93300,254,7197,2022-12-25 14:47:43.806630,2022-12-25 14:47:43.939555
1213,2021-12-04 18:04:13,2022-04-08 16:16:48,92184,342,8325,2022-12-25 14:47:43.923326,2022-12-25 14:47:43.933405
1217,2022-01-09 22:49:24,2022-03-30 20:29:55,94951,389,7827,2022-12-25 14:47:43.974993,2022-12-25 14:47:43.238989
1056,2021-12-24 01:40:37,2022-04-17 17:11:23,95778,254,7659,2022-12-25 14:47:43.934008,2022-12-25 14:47:43.492304
1696,2022-01-17 03:13:12,2022-04-07 01:13:15,88529,342,8348,2022-12-25 14:47:43.378188,2022-12-25 14:47:43.744320
1651,2021-12-13 15:59:39,2022-04-11 09:16:33,98595,355,7312,2022-12-25 14:47:43.347505,2022-12-25 14:47:43.995472
1466,2021-12-01 18:38:36,2022-04-08 01:28:50,99527,355,6545,2022-12-25 14:47:43.614199,2022-12-25 14:47:43.581885
1831,2021-12-26 07:49:50,2022-03-17 03:31:52,91532,387,8503,2022-12-25 14:47:43.877454,2022-12-25 14:47:43.485574
1538,2022-02-11 13:19:33,2022-04-10 07:17:01,94597,342,7426,2022-12-25 14:47:43.399572,2022-12-25 14:47:43.476203
1607,2022-02-15 02:11:45,2022-04-25 02:32:16,98774,389,7850,2022-12-25 14:47:43.710434,2022-12-25 14:47:43.039663
1668,2021-12-02 23:05:44,2022-04-17 23:31:16,89141,389,7434,2022-12-25 14:47:43.140356,2022-12-25 14:47:43.347478
1739,2022-01-05 19:48:03,2022-04-09 16:03:22,97218,387,7572,2022-12-25 14:47:43.004652,2022-12-25 14:47:43.317705
1800,2022-02-07 01:56:45,2022-03-13 08:14:34,93776,342,8497,2022-12-25 14:47:43.185055,2022-12-25 14:47:43.434833
273,2022-04-04 13:50:54,2022-05-04 10:46:00,134582,685,3829,2022-09-19 15:14:31.441550,2022-09-19 15:14:31.590634
122,2022-04-03 04:21:17,2022-06-13 00:45:08,240187,626,1383,2022-09-19 15:14:31.409219,2022-09-19 15:14:31.759791
76,2022-05-27 13:42:30,2022-06-16 05:42:23,296278,899,1872,2022-09-19 15:14:31.965920,2022-09-19 15:14:31.549803
66,2022-06-04 11:07:37,2022-07-09 11:49:56,96040,782,1738,2022-09-19 15:14:31.542224,2022-09-19 15:14:31.977189
153,2022-04-02 20:45:16,2022-06-02 02:05:45,92952,899,4739,2022-09-19 15:14:31.032713,2022-09-19 15:14:31.168735
170,2022-06-07 00:17:52,2022-05-08 16:24:45,123814,804,4035,2022-09-19 15:14:31.921862,2022-09-19 15:14:31.884600
233,2022-05-23 14:33:49,2022-04-30 22:55:53,256955,685,1432,2022-09-19 15:14:31.726890,2022-09-19 15:14:31.691090
81,2022-06-08 19:59:54,2022-07-06 05:14:56,149718,899,4198,2022-09-19 15:14:31.008651,2022-09-19 15:14:31.378260
98,2022-04-21 05:34:57,2022-05-22 04:04:21,211965,899,4501,2022-09-19 15:14:31.469650,2022-09-19 15:14:31.323570
50,2022-05-21 05:38:57,2022-05-04 02:19:13,280829,782,3686,2022-09-19 15:14:31.554296,2022-09-19 15:14:31.476715
219,2022-05-02 08:31:42,2022-06-04 09:56:25,131329,804,3033,2022-09-19 15:14:31.003979,2022-09-19 15:14:31.347032
251,2022-04-27 07:50:22,2022-06-18 01:32:30,85967,626,4044,2022-09-19 15:14:31.493285,2022-09-19 15:14:31.737537
92,2022-04-17 16:57:04,2022-06-22 10:55:14,228499,626,4241,2022-09-19 15:14:31.667566,2022-09-19 15:14:31.685328
47,2022-05-06 19:38:59,2022-07-03 09:57:54,188198,626,1428,2022-09-19 15:14:31.101816,2022-09-19 15:14:31.775508
255,2022-04-23 12:43:33,2022-07-09 03:26:10,296061,685,2937,2022-09-19 15:14:31.715117,2022-09-19 15:14:31.027178
35,2022-05-26 08:29:51,2022-05-01 03:02:02,98175,787,1861,2022-09-19 15:14:31.869563,2022-09-19 15:14:31.759618
169,2022-06-09 00:10:58,2022-06-22 22:23:22,207822,804,1925,2022-09-19 15:14:31.024598,2022-09-19 15:14:31.901834
223,2022-05-12 07:56:50,2022-06-04 08:44:32,213151,568,4149,2022-09-19 15:14:31.104345,2022-09-19 15:14:31.682750
218,2022-04-30 09:52:45,2022-06-04 23:12:36,115235,787,4018,2022-09-19 15:14:31.482153,2022-09-19 15:14:31.603732
77,2022-05-27 09:37:29,2022-05-08 19:03:01,148365,787,1663,2022-09-19 15:14:31.207287,2022-09-19 15:14:31.720973
100,2022-03-11 16:35:13,2022-05-12 09:27:41,127118,899,2667,2022-09-19 15:14:31.664236,2022-09-19 15:14:31.549538
260,2022-03-19 20:02:59,2022-06-30 04:03:10,234187,567,2289,2022-09-19 15:14:31.820255,2022-09-19 15:14:31.979862
132,2022-06-12 09:14:18,2022-07-08 01:24:19,118846,626,1649,2022-09-19 15:14:31.937909,2022-09-19 15:14:31.640084
29,2022-04-16 01:21:22,2022-06-22 14:07:45,136077,755,2289,2022-09-19 15:14:31.974393,2022-09-19 15:14:31.445256
92,2022-04-25 05:21:00,2022-06-16 20:39:54,209615,568,1690,2022-09-19 15:14:31.785696,2022-09-19 15:14:31.477266
40,2022-04-24 05:37:32,2022-07-02 23:46:40,252999,685,4576,2022-09-19 15:14:31.339243,2022-09-19 15:14:31.267207
126,2022-03-22 17:56:19,2022-06-28 11:40:28,240779,626,3001,2022-09-19 15:14:31.839708,2022-09-19 15:14:31.124435
41,2022-03-13 07:05:06,2022-06-22 15:11:06,165279,568,4673,2022-09-19 15:14:31.226170,2022-09-19 15:14:31.251598
260,2022-04-26 00:03:55,2022-06-14 20:28:30,262887,899,2439,2022-09-19 15:14:31.001764,2022-09-19 15:14:31.973847
102,2022-05-10 05:05:10,2022-05-02 00:43:47,298797,567,3428,2022-09-19 15:14:31.719718,2022-09-19 15:14:31.749773
42,2022-06-04 09:55:23,2022-05-02 19:52:22,108879,755,1531,2022-09-19 15:14:31.741858,2022-09-19 15:14:31.707954
107,2022-05-18 20:55:43,2022-06-25 15:45:29,282169,597,3921,2022-09-19 15:14:31.601038,2022-09-19 15:14:31.261622
119,2022-06-10 03:59:43,2022-05-05 23:44:46,238058,804,2295,2022-09-19 15:14:31.228535,2022-09-19 15:14:31.333560
277,2022-04-07 08:44:03,2022-05-03 12:08:24,294086,787,4739,2022-09-19 15:14:31.729967,2022-09-19 15:14:31.119142
288,2022-05-31 17:29:08,2022-06-01 07:47:58,162731,685,3223,2022-09-19 15:14:31.806428,2022-09-19 15:14:31.849027
167,2022-05-09 02:28:46,2022-06-20 23:26:14,153925,755,4966,2022-09-19 15:14:31.058091,2022-09-19 15:14:31.926450
86,2022-06-03 22:01:46,2022-06-08 02:46:34,148677,755,1738,2022-09-19 15:14:31.261379,2022-09-19 15:14:31.697401
1,2022-05-01 11:44:45,2022-05-13 02:34:14,184186,567,3594,2022-09-19 15:14:31.355440,2022-09-19 15:14:31.247255
97,2022-04-03 02:28:24,2022-05-18 16:02:21,289867,787,1861,2022-09-19 15:14:31.753388,2022-09-19 15:14:31.620043
6,2022-05-03 15:31:17,2022-05-26 09:35:31,212666,685,2996,2022-09-19 15:14:31.228843,2022-09-19 15:14:31.820472
53,2022-05-31 02:07:12,2022-05-28 02:47:06,262509,899,4576,2022-09-19 15:14:31.639338,2022-09-19 15:14:31.046998
285,2022-03-29 07:00:37,2022-06-04 13:05:11,97130,782,4952,2022-09-19 15:14:31.612431,2022-09-19 15:14:31.783439
100,2022-04-01 10:30:34,2022-05-28 23:39:59,220802,626,4501,2022-09-19 15:14:31.678712,2022-09-19 15:14:31.860518
268,2022-03-17 04:56:40,2022-07-01 20:36:18,224991,685,3286,2022-09-19 15:14:31.397433,2022-09-19 15:14:31.263584
297,2022-05-09 00:17:01,2022-07-07 08:17:10,115172,568,1017,2022-09-19 15:14:31.491165,2022-09-19 15:14:31.876818
135,2022-05-24 18:10:37,2022-05-01 04:56:18,165592,899,1925,2022-09-19 15:14:31.921023,2022-09-19 15:14:31.703809
51,2022-04-11 13:46:01,2022-06-01 02:41:58,282447,804,4276,2022-09-19 15:14:31.821469,2022-09-19 15:14:31.429331
176,2022-03-30 22:18:06,2022-06-11 01:28:42,107045,626,4304,2022-09-19 15:14:31.877353,2022-09-19 15:14:31.216142
206,2022-05-27 16:16:09,2022-06-13 23:34:23,150831,899,1092,2022-09-19 15:14:31.790537,2022-09-19 15:14:31.050419
11,2022-06-09 08:23:45,2022-06-29 21:55:44,133361,782,1528,2022-09-19 15:14:31.236851,2022-09-19 15:14:31.814504
179,2022-06-10 07:06:17,2022-06-27 22:53:10,123177,626,3602,2022-09-19 15:14:31.977561,2022-09-19 15:14:31.424603
119,2022-04-09 07:13:00,2022-05-12 02:40:41,278908,755,1352,2022-09-19 15:14:31.657196,2022-09-19 15:14:31.544927
176,2022-03-28 08:23:45,2022-05-01 01:41:57,174464,597,3162,2022-09-19 15:14:31.879357,2022-09-19 15:14:31.099797
1,2022-04-18 07:03:55,2022-05-11 11:06:33,173273,597,4582,2022-09-19 15:14:31.976915,2022-09-19 15:14:31.099728
230,2022-04-03 16:21:30,2022-06-03 19:10:41,186408,804,4781,2022-09-19 15:14:31.389695,2022-09-19 15:14:31.924917
201,2022-06-07 09:09:16,2022-05-17 09:03:48,138964,782,3585,2022-09-19 15:14:31.185882,2022-09-19 15:14:31.414118
93,2022-05-28 03:36:46,2022-07-02 08:30:05,227851,782,4850,2022-09-19 15:14:31.701635,2022-09-19 15:14:31.881760
167,2022-05-15 15:03:55,2022-05-31 11:52:44,247013,597,4276,2022-09-19 15:14:31.387257,2022-09-19 15:14:31.103716
162,2022-03-20 15:28:37,2022-05-31 21:24:23,147989,626,1470,2022-09-19 15:14:31.062658,2022-09-19 15:14:31.996847
269,2022-03-29 20:21:38,2022-07-05 07:35:04,288991,782,3304,2022-09-19 15:14:31.130452,2022-09-19 15:14:31.938533
7,2022-04-23 16:26:39,2022-05-08 01:44:18,272183,804,4018,2022-09-19 15:14:31.026571,2022-09-19 15:14:31.291140
38,2022-05-01 22:13:16,2022-06-06 20:34:45,81165,597,1423,2022-09-19 15:14:31.848284,2022-09-19 15:14:31.783494
261,2022-03-17 03:43:09,2022-06-30 16:25:24,158101,899,1144,2022-09-19 15:14:31.180621,2022-09-19 15:14:31.580800
205,2022-04-13 21:32:25,2022-06-12 20:36:02,270567,755,1156,2022-09-19 15:14:31.013784,2022-09-19 15:14:31.812610
131,2022-06-02 04:29:52,2022-05-13 05:42:41,255801,782,2354,2022-09-19 15:14:31.578797,2022-09-19 15:14:31.138009
50,2022-04-28 18:18:30,2022-06-06 14:38:53,154560,899,1117,2022-09-19 15:14:31.444337,2022-09-19 15:14:31.994017
87,2022-04-27 07:44:40,2022-06-24 00:08:50,111997,685,2972,2022-09-19 15:14:31.417462,2022-09-19 15:14:31.025778
253,2022-03-17 02:12:55,2022-05-09 23:52:23,174015,804,2122,2022-09-19 15:14:31.998828,2022-09-19 15:14:31.342766
71,2022-04-11 04:47:11,2022-07-02 06:52:33,142504,685,2863,2022-09-19 15:14:31.565864,2022-09-19 15:14:31.570483
94,2022-04-07 01:30:19,2022-07-03 07:00:29,96453,685,3947,2022-09-19 15:14:31.954659,2022-09-19 15:14:31.002582
22,2022-04-06 14:33:06,2022-05-31 11:20:31,154656,597,4241,2022-09-19 15:14:31.806808,2022-09-19 15:14:31.799817
239,2022-05-30 09:19:34,2022-05-03 01:24:46,208761,626,1584,2022-09-19 15:14:31.302310,2022-09-19 15:14:31.077468
59,2022-03-21 23:24:05,2022-05-01 01:31:23,149636,787,1371,2022-09-19 15:14:31.508127,2022-09-19 15:14:31.300453
27,2022-03-22 12:49:12,2022-05-22 09:43:00,216155,804,3442,2022-09-19 15:14:31.842575,2022-09-19 15:14:31.831317
238,2022-05-22 04:24:06,2022-05-17 22:23:45,274087,787,3588,2022-09-19 15:14:31.300458,2022-09-19 15:14:31.028096
44,2022-03-18 11:33:41,2022-05-03 00:26:22,108454,626,1861,2022-09-19 15:14:31.944902,2022-09-19 15:14:31.177261
7,2022-03-16 13:21:38,2022-05-26 09:33:32,82697,804,2369,2022-09-19 15:14:31.067713,2022-09-19 15:14:31.754320
111,2022-06-13 19:29:32,2022-05-15 17:04:22,158675,597,3777,2022-09-19 15:14:31.189460,2022-09-19 15:14:31.302830
148,2022-03-24 06:25:45,2022-06-05 07:29:47,229033,567,2241,2022-09-19 15:14:31.508270,2022-09-19 15:14:31.932093
88,2022-05-19 01:47:55,2022-06-01 23:49:01,236585,804,1631,2022-09-19 15:14:31.415310,2022-09-19 15:14:31.708402
58,2022-06-13 16:12:12,2022-06-26 08:29:43,103667,597,3283,2022-09-19 15:14:31.112341,2022-09-19 15:14:31.681729
251,2022-05-02 15:10:05,2022-05-08 14:47:46,122672,782,1531,2022-09-19 15:14:31.922446,2022-09-19 15:14:31.021124
70,2022-05-08 00:37:54,2022-06-19 05:00:39,131975,567,4998,2022-09-19 15:14:31.551936,2022-09-19 15:14:31.926859
129,2022-04-22 03:54:11,2022-06-28 19:43:42,296736,804,3652,2022-09-19 15:14:31.354882,2022-09-19 15:14:31.687489
231,2022-05-16 20:04:26,2022-05-18 14:19:32,192321,568,3117,2022-09-19 15:14:31.450418,2022-09-19 15:14:31.534163
179,2022-03-26 04:27:14,2022-05-17 22:11:50,192521,804,3088,2022-09-19 15:14:31.325500,2022-09-19 15:14:31.063280
214,2022-05-21 03:06:04,2022-05-18 20:34:51,189122,782,1285,2022-09-19 15:14:31.409667,2022-09-19 15:14:31.926586
171,2022-04-09 20:57:47,2022-05-26 06:38:58,89947,567,3033,2022-09-19 15:14:31.409935,2022-09-19 15:14:31.701548
28,2022-05-08 11:50:28,2022-06-18 07:36:48,137295,899,1827,2022-09-19 15:14:31.978198,2022-09-19 15:14:31.813231
236,2022-04-23 08:55:43,2022-07-04 04:08:54,150444,787,3652,2022-09-19 15:14:31.918571,2022-09-19 15:14:31.656600
63,2022-03-25 03:09:31,2022-05-06 08:19:59,121140,782,3137,2022-09-19 15:14:31.019980,2022-09-19 15:14:31.880436
299,2022-04-22 20:06:20,2022-07-06 09:16:15,253087,626,3585,2022-09-19 15:14:31.697428,2022-09-19 15:14:31.380960
128,2022-04-12 00:34:58,2022-05-29 16:34:23,188372,597,2972,2022-09-19 15:14:31.710832,2022-09-19 15:14:31.342351
147,2022-05-17 14:00:45,2022-06-29 14:30:16,278265,787,1584,2022-09-19 15:14:31.988477,2022-09-19 15:14:31.720894
212,2022-05-17 20:19:43,2022-05-11 19:06:05,195030,782,2990,2022-09-19 15:14:31.988835,2022-09-19 15:14:31.555478
92,2022-05-14 02:37:34,2022-06-02 11:40:54,224524,597,4501,2022-09-19 15:14:31.650486,2022-09-19 15:14:31.827323
170,2022-05-06 11:44:31,2022-05-16 00:54:04,178500,804,1717,2022-09-19 15:14:31.086561,2022-09-19 15:14:31.948786
143,2022-04-18 22:07:40,2022-06-14 16:59:14,92262,597,3777,2022-09-19 15:14:31.195557,2022-09-19 15:14:31.009153
281,2022-05-23 21:28:33,2022-07-08 10:49:50,160678,899,2740,2022-09-19 15:14:31.699273,2022-09-19 15:14:31.615454
236,2022-03-14 21:11:51,2022-05-03 23:14:07,272864,567,2885,2022-09-19 15:14:31.919892,2022-09-19 15:14:31.587958
214,2022-03-15 23:34:13,2022-05-25 02:02:19,259084,597,4889,2022-09-19 15:14:31.260568,2022-09-19 15:14:31.171131
102,2022-06-01 04:43:58,2022-06-20 04:10:06,116589,597,1383,2022-09-19 15:14:31.156173,2022-09-19 15:14:31.549746
16,2022-05-26 09:22:35,2022-06-28 14:40:19,160167,899,3699,2022-09-19 15:14:31.952873,2022-09-19 15:14:31.774173
175,2022-04-29 08:40:18,2022-05-10 06:32:29,203204,568,4276,2022-09-19 15:14:31.201336,2022-09-19 15:14:31.318576
286,2022-06-09 19:24:59,2022-05-25 23:43:26,151663,567,2151,2022-09-19 15:14:31.012180,2022-09-19 15:14:31.016080
182,2022-05-08 16:07:33,2022-07-07 04:56:22,222101,782,1456,2022-09-19 15:14:31.613630,2022-09-19 15:14:31.822858
95,2022-04-12 13:14:05,2022-07-06 08:11:38,203998,626,3304,2022-09-19 15:14:31.703896,2022-09-19 15:14:31.528623
260,2022-06-14 12:17:03,2022-06-08 15:00:01,241387,567,4018,2022-09-19 15:14:31.424052,2022-09-19 15:14:31.400389
169,2022-05-09 03:56:09,2022-06-19 03:02:18,96529,626,4140,2022-09-19 15:14:31.157171,2022-09-19 15:14:31.830949
22,2022-04-10 00:35:36,2022-05-19 03:53:04,296478,782,1649,2022-09-19 15:14:31.935585,2022-09-19 15:14:31.704100
146,2022-05-19 14:59:48,2022-05-20 22:33:58,258715,597,3921,2022-09-19 15:14:31.935441,2022-09-19 15:14:31.582726
274,2022-03-17 22:15:00,2022-06-03 07:26:53,152301,899,1815,2022-09-19 15:14:31.893443,2022-09-19 15:14:31.571294
196,2022-04-06 14:27:04,2022-06-30 04:20:10,147455,685,2331,2022-09-19 15:14:31.747742,2022-09-19 15:14:31.965369
278,2022-05-08 17:34:55,2022-05-14 21:50:00,97329,567,4952,2022-09-19 15:14:31.459333,2022-09-19 15:14:31.050114
184,2022-03-29 18:56:17,2022-07-09 08:13:14,104116,568,2972,2022-09-19 15:14:31.727629,2022-09-19 15:14:31.270206
9,2022-05-10 17:32:47,2022-05-23 09:12:13,106281,755,1771,2022-09-19 15:14:31.071272,2022-09-19 15:14:31.431961
141,2022-05-09 07:41:28,2022-05-29 15:42:51,263240,782,4276,2022-09-19 15:14:31.141043,2022-09-19 15:14:31.929846
122,2022-06-05 19:58:22,2022-05-25 02:44:17,82957,899,4408,2022-09-19 15:14:31.481170,2022-09-19 15:14:31.254348
147,2022-04-14 04:31:38,2022-05-23 12:31:32,165478,787,2577,2022-09-19 15:14:31.465878,2022-09-19 15:14:31.564258
206,2022-04-16 10:59:26,2022-05-22 12:43:16,86331,782,4730,2022-09-19 15:14:31.731025,2022-09-19 15:14:31.680676
185,2022-05-13 16:50:10,2022-06-19 22:29:14,257555,755,4470,2022-09-19 15:14:31.324655,2022-09-19 15:14:31.593757
262,2022-05-27 10:31:54,2022-06-01 21:14:13,237875,568,4408,2022-09-19 15:14:31.160141,2022-09-19 15:14:31.941566
288,2022-03-18 16:47:59,2022-05-13 10:16:16,113177,626,3304,2022-09-19 15:14:31.326254,2022-09-19 15:14:31.141569
75,2022-06-10 01:46:47,2022-06-14 23:45:49,261057,804,2369,2022-09-19 15:14:31.151309,2022-09-19 15:14:31.288637
192,2022-05-06 21:34:38,2022-06-15 13:14:54,130991,899,2473,2022-09-19 15:14:31.650731,2022-09-19 15:14:31.808439
84,2022-03-29 14:51:46,2022-05-05 10:14:26,93468,899,2122,2022-09-19 15:14:31.351408,2022-09-19 15:14:31.517517
219,2022-04-20 23:44:16,2022-06-16 21:55:42,263817,626,4427,2022-09-19 15:14:31.884295,2022-09-19 15:14:31.366617
2,2022-04-14 15:15:35,2022-06-04 03:34:00,148731,899,3381,2022-09-19 15:14:31.246737,2022-09-19 15:14:31.898129
135,2022-05-26 23:27:13,2022-06-15 00:50:07,249343,782,4780,2022-09-19 15:14:31.756298,2022-09-19 15:14:31.709724
181,2022-03-13 18:04:12,2022-06-09 07:08:35,109882,597,3117,2022-09-19 15:14:31.685305,2022-09-19 15:14:31.512932
158,2022-05-10 23:08:03,2022-06-07 02:49:44,210467,568,2354,2022-09-19 15:14:31.982146,2022-09-19 15:14:31.242734
299,2022-05-05 06:45:08,2022-06-15 23:36:55,293509,782,3299,2022-09-19 15:14:31.034772,2022-09-19 15:14:31.541526
154,2022-06-06 13:32:55,2022-06-04 08:51:23,202943,626,1663,2022-09-19 15:14:31.270260,2022-09-19 15:14:31.198412
278,2022-06-09 15:51:20,2022-05-09 18:14:04,200893,755,2885,2022-09-19 15:14:31.006570,2022-09-19 15:14:31.079603
211,2022-04-26 15:53:51,2022-06-22 10:28:02,143038,567,1987,2022-09-19 15:14:31.597804,2022-09-19 15:14:31.882652
101,2022-04-14 18:35:08,2022-06-08 03:12:13,259192,782,1815,2022-09-19 15:14:31.370854,2022-09-19 15:14:31.894549
34,2022-04-09 09:29:51,2022-05-14 16:36:22,108943,626,3946,2022-09-19 15:14:31.803805,2022-09-19 15:14:31.168938
148,2022-05-13 06:53:08,2022-06-04 08:39:03,238930,568,3829,2022-09-19 15:14:31.611296,2022-09-19 15:14:31.043774
93,2022-03-31 16:08:24,2022-06-23 13:45:44,215891,567,3428,2022-09-19 15:14:31.379101,2022-09-19 15:14:31.515265
104,2022-06-01 09:40:51,2022-07-03 15:43:33,282360,567,1428,2022-09-19 15:14:31.372581,2022-09-19 15:14:31.480646
30,2022-05-27 06:08:07,2022-05-07 21:51:57,172999,626,2134,2022-09-19 15:14:31.343595,2022-09-19 15:14:31.225309
35,2022-05-13 16:39:02,2022-05-12 02:11:47,188588,899,2971,2022-09-19 15:14:31.420148,2022-09-19 15:14:31.751581
136,2022-04-19 13:23:48,2022-06-23 18:27:01,166503,899,1017,2022-09-19 15:14:31.999352,2022-09-19 15:14:31.320343
189,2022-05-23 13:10:37,2022-05-24 21:38:07,122826,685,4604,2022-09-19 15:14:31.903505,2022-09-19 15:14:31.276820
230,2022-04-09 18:54:21,2022-07-04 18:33:47,287966,755,4284,2022-09-19 15:14:31.188075,2022-09-19 15:14:31.451690
253,2022-04-09 16:25:54,2022-06-19 18:36:05,260873,782,3442,2022-09-19 15:14:31.773949,2022-09-19 15:14:31.050757
83,2022-05-26 04:00:00,2022-05-06 19:05:46,280517,626,1925,2022-09-19 15:14:31.858921,2022-09-19 15:14:31.680163
225,2022-04-23 12:06:13,2022-05-03 04:41:10,221379,787,1352,2022-09-19 15:14:31.081816,2022-09-19 15:14:31.116138
159,2022-03-23 09:17:05,2022-05-15 00:37:10,211983,685,4089,2022-09-19 15:14:31.129049,2022-09-19 15:14:31.553834
23,2022-05-21 17:53:17,2022-05-21 09:47:55,88202,685,4780,2022-09-19 15:14:31.567061,2022-09-19 15:14:31.083785
219,2022-05-27 01:25:05,2022-05-21 15:05:16,197822,755,4106,2022-09-19 15:14:31.342232,2022-09-19 15:14:31.470290
129,2022-05-27 00:12:38,2022-06-08 08:07:12,237364,899,1362,2022-09-19 15:14:31.803410,2022-09-19 15:14:31.594318
203,2022-05-30 20:01:50,2022-06-21 11:39:47,296830,899,2982,2022-09-19 15:14:31.946373,2022-09-19 15:14:31.727925
151,2022-05-10 17:21:19,2022-06-21 09:23:56,239032,755,4637,2022-09-19 15:14:31.840550,2022-09-19 15:14:31.305010
134,2022-04-18 00:28:37,2022-06-08 16:43:32,281302,626,1987,2022-09-19 15:14:31.706155,2022-09-19 15:14:31.241486
180,2022-05-30 16:06:14,2022-06-26 14:15:14,231259,782,2913,2022-09-19 15:14:31.194971,2022-09-19 15:14:31.944478
209,2022-04-03 10:11:35,2022-06-25 11:47:01,192359,899,3034,2022-09-19 15:14:31.210001,2022-09-19 15:14:31.225081
142,2022-04-16 07:42:11,2022-06-14 11:48:00,128070,899,2134,2022-09-19 15:14:31.169746,2022-09-19 15:14:31.273882
143,2022-05-02 18:36:40,2022-05-28 23:05:51,264915,568,2740,2022-09-19 15:14:31.911153,2022-09-19 15:14:31.976797
38,2022-04-19 09:32:43,2022-06-17 01:44:27,234789,626,4733,2022-09-19 15:14:31.976338,2022-09-19 15:14:31.845365
54,2022-03-16 04:34:18,2022-05-20 21:54:06,186170,755,4271,2022-09-19 15:14:31.508173,2022-09-19 15:14:31.380149
137,2022-04-21 11:14:07,2022-05-30 18:52:34,184348,568,2556,2022-09-19 15:14:31.798297,2022-09-19 15:14:31.414987
18,2022-05-17 17:05:49,2022-05-25 21:46:21,244831,567,4952,2022-09-19 15:14:31.727930,2022-09-19 15:14:31.317956
159,2022-06-01 13:13:28,2022-06-20 05:16:24,172972,567,3304,2022-09-19 15:14:31.401597,2022-09-19 15:14:31.519755
283,2022-03-18 08:48:20,2022-06-06 01:14:35,170897,804,2004,2022-09-19 15:14:31.253050,2022-09-19 15:14:31.318202
123,2022-05-21 04:43:29,2022-06-26 01:59:12,218800,568,4198,2022-09-19 15:14:31.318465,2022-09-19 15:14:31.138982
150,2022-05-22 01:03:25,2022-05-23 02:48:42,280482,597,4870,2022-09-19 15:14:31.664778,2022-09-19 15:14:31.992358
246,2022-06-01 06:53:47,2022-05-21 14:53:41,96836,782,1556,2022-09-19 15:14:31.585301,2022-09-19 15:14:31.070208
276,2022-04-14 01:35:10,2022-06-25 03:59:27,120776,597,3137,2022-09-19 15:14:31.291807,2022-09-19 15:14:31.355568
70,2022-04-14 19:59:52,2022-06-15 09:53:23,102806,597,4432,2022-09-19 15:14:31.000043,2022-09-19 15:14:31.874349
161,2022-03-18 14:44:55,2022-05-03 00:39:21,239644,568,3162,2022-09-19 15:14:31.982870,2022-09-19 15:14:31.417606
203,2022-04-13 04:55:40,2022-06-14 21:11:54,126227,782,4413,2022-09-19 15:14:31.730240,2022-09-19 15:14:31.762618
20,2022-05-03 01:15:48,2022-05-02 08:06:27,193891,755,3283,2022-09-19 15:14:31.451910,2022-09-19 15:14:31.021971
187,2022-06-09 18:23:09,2022-05-13 14:57:39,291561,626,2004,2022-09-19 15:14:31.441348,2022-09-19 15:14:31.175956
237,2022-05-26 10:59:30,2022-05-14 10:24:13,119352,626,2383,2022-09-19 15:14:31.687077,2022-09-19 15:14:31.951667
77,2022-03-18 02:52:40,2022-05-07 23:16:07,257434,626,4317,2022-09-19 15:14:31.038039,2022-09-19 15:14:31.789947
6,2022-05-18 06:45:34,2022-06-03 22:44:29,92044,568,4998,2022-09-19 15:14:31.305888,2022-09-19 15:14:31.714676
128,2022-04-02 15:03:31,2022-05-09 00:54:28,195404,782,1395,2022-09-19 15:14:31.482193,2022-09-19 15:14:31.242619
205,2022-06-02 14:16:36,2022-05-27 14:47:15,98451,685,2990,2022-09-19 15:14:31.230066,2022-09-19 15:14:31.607208
15,2022-04-21 07:26:35,2022-07-01 19:35:18,141392,755,4733,2022-09-19 15:14:31.532974,2022-09-19 15:14:31.276627
264,2022-05-01 07:32:21,2022-06-09 15:17:29,281415,899,4998,2022-09-19 15:14:31.396066,2022-09-19 15:14:31.705782
179,2022-05-31 00:47:56,2022-05-12 15:58:47,86964,782,1738,2022-09-19 15:14:31.238671,2022-09-19 15:14:31.126544
69,2022-05-29 06:43:45,2022-07-05 21:45:18,272358,782,3286,2022-09-19 15:14:31.340884,2022-09-19 15:14:31.637053
119,2022-03-29 07:10:18,2022-05-23 10:40:18,208642,755,3299,2022-09-19 15:14:31.550358,2022-09-19 15:14:31.587423
81,2022-03-31 20:22:05,2022-05-10 10:34:17,92604,597,1428,2022-09-19 15:14:31.503925,2022-09-19 15:14:31.574419
103,2022-06-03 06:54:06,2022-06-23 16:46:30,225046,626,4284,2022-09-19 15:14:31.938330,2022-09-19 15:14:31.899412
92,2022-04-10 08:07:09,2022-05-14 06:27:09,101717,787,3983,2022-09-19 15:14:31.604956,2022-09-19 15:14:31.849293
1,2022-04-01 18:55:27,2022-05-16 00:24:06,91863,597,2241,2022-09-19 15:14:31.454780,2022-09-19 15:14:31.651082
127,2022-03-16 15:50:38,2022-05-03 00:40:20,112374,804,3947,2022-09-19 15:14:31.170215,2022-09-19 15:14:31.451387
253,2022-04-10 19:31:43,2022-05-05 12:06:04,148606,899,4071,2022-09-19 15:14:31.457526,2022-09-19 15:14:31.050713
240,2022-03-18 01:24:36,2022-05-20 13:12:17,208125,899,4850,2022-09-19 15:14:31.738000,2022-09-19 15:14:31.952150
128,2022-03-31 01:01:47,2022-07-04 01:26:48,258931,804,3223,2022-09-19 15:14:31.831442,2022-09-19 15:14:31.912104
269,2022-06-11 16:50:39,2022-06-24 08:49:35,201099,782,2369,2022-09-19 15:14:31.744794,2022-09-19 15:14:31.487394
182,2022-06-10 13:39:26,2022-07-08 09:02:50,184424,597,4951,2022-09-19 15:14:31.722575,2022-09-19 15:14:31.454477
179,2022-04-29 23:17:17,2022-06-25 04:27:21,284893,568,1546,2022-09-19 15:14:31.659274,2022-09-19 15:14:31.767493
92,2022-05-05 14:03:22,2022-05-01 02:20:53,215049,597,4304,2022-09-19 15:14:31.722428,2022-09-19 15:14:31.030031
9,2022-05-27 03:02:54,2022-07-09 14:41:09,293165,626,1362,2022-09-19 15:14:31.518160,2022-09-19 15:14:31.269360
85,2022-06-12 14:15:37,2022-05-16 20:48:18,275648,899,2705,2022-09-19 15:14:31.573833,2022-09-19 15:14:31.759188
299,2022-05-21 06:03:53,2022-05-04 17:28:15,185906,755,4140,2022-09-19 15:14:31.999245,2022-09-19 15:14:31.455378
268,2022-04-14 02:53:52,2022-07-01 10:07:20,298841,782,2704,2022-09-19 15:14:31.440702,2022-09-19 15:14:31.241105
