ADMISSION_ID,COURSE_APPLIED_DATE,START_DATE,END_DATE,ADMISSION_FEE,COURSE_ID,STUDENT_ID,CREATED_DATE,UPDATED_DATE
11,2022-04-16 02:35:11,2022-04-08 02:31:41,2026-11-13 05:30:05,145287,779,3547,2022-09-27 13:13:16.621822,2022-09-27 13:13:16.018699
20,2022-05-01 06:00:38,2022-05-03 10:02:38,2026-08-03 18:59:37,195614,704,2873,2022-09-27 13:13:16.946582,2022-09-27 13:13:16.045284
208,2022-03-24 03:30:32,2022-05-07 15:06:44,2026-10-11 15:28:31,116314,704,3402,2022-09-27 13:13:16.705345,2022-09-27 13:13:16.109907
95,2022-05-13 16:56:05,2022-05-07 12:14:59,2026-06-10 12:57:09,298260,618,1312,2022-09-27 13:13:16.749569,2022-09-27 13:13:16.338942
53,2022-04-25 05:21:26,2022-05-04 17:50:14,2026-05-31 15:34:47,123683,866,3087,2022-09-27 13:13:16.502872,2022-09-27 13:13:16.633417
65,2022-06-15 18:54:39,2022-04-27 06:45:11,2026-05-14 10:43:21,187387,898,3072,2022-09-27 13:13:16.976580,2022-09-27 13:13:16.722323
4,2022-05-30 23:34:01,2022-04-14 06:41:35,2026-11-05 18:35:40,120330,704,2237,2022-09-27 13:13:16.396235,2022-09-27 13:13:16.407189
285,2022-04-26 21:20:41,2022-05-03 12:42:53,2026-08-02 06:31:23,292187,569,2729,2022-09-27 13:13:16.059037,2022-09-27 13:13:16.771882
132,2022-04-27 21:14:54,2022-04-16 15:07:52,2026-05-04 18:05:15,223836,898,3511,2022-09-27 13:13:16.150533,2022-09-27 13:13:16.396018
281,2022-05-11 18:29:43,2022-04-29 12:20:31,2026-09-28 23:02:33,173046,866,4716,2022-09-27 13:13:16.061221,2022-09-27 13:13:16.824827
102,2022-04-28 21:24:09,2022-04-02 03:49:10,2026-05-22 08:00:53,86808,535,4143,2022-09-27 13:13:16.340284,2022-09-27 13:13:16.726639
114,2022-05-21 11:45:34,2022-04-19 07:36:42,2026-05-14 10:56:36,98876,766,2187,2022-09-27 13:13:16.311487,2022-09-27 13:13:16.978150
172,2022-04-10 13:48:17,2022-05-04 10:18:29,2026-07-15 06:36:51,291081,898,2015,2022-09-27 13:13:16.329066,2022-09-27 13:13:16.845287
46,2022-06-08 17:57:51,2022-05-02 23:35:34,2026-06-19 00:22:31,293034,802,1862,2022-09-27 13:13:16.816447,2022-09-27 13:13:16.511347
9,2022-04-02 20:25:00,2022-03-29 22:58:15,2026-06-26 19:19:08,233670,866,2401,2022-09-27 13:13:16.160165,2022-09-27 13:13:16.423290
165,2022-05-17 14:36:35,2022-04-16 16:13:28,2026-09-01 15:20:24,203890,898,3005,2022-09-27 13:13:16.375576,2022-09-27 13:13:16.284405
210,2022-03-26 17:18:25,2022-04-15 06:49:25,2026-05-09 04:33:37,295248,866,4615,2022-09-27 13:13:16.916883,2022-09-27 13:13:16.446215
112,2022-05-22 08:42:26,2022-04-14 14:15:46,2026-06-11 03:39:21,212041,704,4748,2022-09-27 13:13:16.976080,2022-09-27 13:13:16.988926
109,2022-04-17 15:53:37,2022-05-02 21:41:39,2026-07-18 20:27:17,284555,866,2451,2022-09-27 13:13:16.649629,2022-09-27 13:13:16.414716
137,2022-06-02 05:11:30,2022-05-06 09:22:55,2026-11-07 05:25:30,127098,569,4103,2022-09-27 13:13:16.262424,2022-09-27 13:13:16.521322
21,2022-06-10 03:14:21,2022-04-29 00:55:53,2026-06-27 10:50:22,81065,569,1855,2022-09-27 13:13:16.374923,2022-09-27 13:13:16.975650
183,2022-03-25 03:21:39,2022-03-25 06:05:51,2026-07-17 18:09:26,89835,569,3731,2022-09-27 13:13:16.194338,2022-09-27 13:13:16.426390
10,2022-06-02 13:59:21,2022-03-29 15:05:48,2026-08-07 02:33:09,177435,898,1370,2022-09-27 13:13:16.568749,2022-09-27 13:13:16.484071
8,2022-03-21 02:03:06,2022-03-28 00:22:26,2026-07-21 09:45:52,205982,866,1353,2022-09-27 13:13:16.501331,2022-09-27 13:13:16.092201
74,2022-06-01 08:32:43,2022-04-11 05:36:27,2026-10-10 16:26:48,221483,866,2931,2022-09-27 13:13:16.035564,2022-09-27 13:13:16.945819
219,2022-06-03 14:52:05,2022-04-23 12:31:15,2026-11-01 19:07:12,125085,704,1025,2022-09-27 13:13:16.018398,2022-09-27 13:13:16.399618
131,2022-05-13 14:50:48,2022-03-25 23:50:51,2026-11-11 01:52:27,165292,569,1242,2022-09-27 13:13:16.191893,2022-09-27 13:13:16.729096
236,2022-03-22 16:22:27,2022-03-29 23:50:17,2026-08-26 01:20:32,190147,779,1508,2022-09-27 13:13:16.686938,2022-09-27 13:13:16.542357
54,2022-03-22 23:56:08,2022-04-24 15:14:21,2026-06-05 13:17:17,210643,569,2430,2022-09-27 13:13:16.556885,2022-09-27 13:13:16.116582
238,2022-03-20 13:07:47,2022-03-21 17:34:45,2026-11-02 11:48:48,80450,704,4332,2022-09-27 13:13:16.297454,2022-09-27 13:13:16.719045
186,2022-04-07 00:02:01,2022-04-10 09:41:36,2026-08-04 19:01:27,240698,898,4135,2022-09-27 13:13:16.405779,2022-09-27 13:13:16.318868
155,2022-03-28 08:56:20,2022-03-21 04:02:20,2026-10-31 03:55:36,223759,535,4144,2022-09-27 13:13:16.836655,2022-09-27 13:13:16.959756
289,2022-04-30 03:51:46,2022-04-05 07:07:35,2026-10-05 12:55:47,229685,694,3806,2022-09-27 13:13:16.744974,2022-09-27 13:13:16.995059
154,2022-05-27 03:06:38,2022-05-05 07:49:30,2026-09-11 15:10:16,93382,694,3895,2022-09-27 13:13:16.630293,2022-09-27 13:13:16.302309
151,2022-06-21 01:18:29,2022-03-18 14:55:25,2026-10-19 02:48:53,243905,694,3340,2022-09-27 13:13:16.235264,2022-09-27 13:13:16.231218
250,2022-05-28 08:11:01,2022-04-22 22:52:28,2026-08-22 22:14:58,179261,802,3272,2022-09-27 13:13:16.307772,2022-09-27 13:13:16.296612
31,2022-05-19 02:22:52,2022-05-01 20:10:06,2026-08-10 14:34:07,177188,766,3919,2022-09-27 13:13:16.531704,2022-09-27 13:13:16.048386
184,2022-04-22 07:06:15,2022-04-09 14:27:09,2026-07-14 11:43:03,215276,766,4653,2022-09-27 13:13:16.651040,2022-09-27 13:13:16.899513
255,2022-04-29 23:22:50,2022-04-12 07:08:38,2026-07-08 13:30:04,205301,535,3466,2022-09-27 13:13:16.699814,2022-09-27 13:13:16.360714
227,2022-05-28 02:18:27,2022-04-13 16:40:18,2026-09-09 04:40:36,177308,898,1677,2022-09-27 13:13:16.777066,2022-09-27 13:13:16.121394
241,2022-06-09 12:17:30,2022-05-01 16:25:05,2026-09-03 09:28:03,235332,535,1630,2022-09-27 13:13:16.390166,2022-09-27 13:13:16.134934
110,2022-05-26 03:58:52,2022-04-23 15:28:42,2026-07-05 22:32:39,283748,694,3723,2022-09-27 13:13:16.657655,2022-09-27 13:13:16.191914
262,2022-03-27 00:26:44,2022-03-26 22:18:54,2026-09-01 23:06:13,258767,535,2451,2022-09-27 13:13:16.735347,2022-09-27 13:13:16.598058
276,2022-04-06 03:00:44,2022-05-08 06:01:20,2026-05-02 18:07:38,146467,802,2925,2022-09-27 13:13:16.440805,2022-09-27 13:13:16.679690
288,2022-06-16 13:33:08,2022-04-06 14:48:39,2026-08-11 22:49:39,297345,779,4661,2022-09-27 13:13:16.188882,2022-09-27 13:13:16.741292
82,2022-05-02 05:13:09,2022-04-21 03:32:04,2026-10-27 23:14:39,170817,704,4598,2022-09-27 13:13:16.555519,2022-09-27 13:13:16.077085
235,2022-05-17 01:00:08,2022-05-05 16:47:31,2026-08-03 01:06:09,92006,779,3779,2022-09-27 13:13:16.274007,2022-09-27 13:13:16.740517
259,2022-04-14 10:19:18,2022-04-26 03:32:56,2026-09-17 00:05:02,83648,898,1518,2022-09-27 13:13:16.905553,2022-09-27 13:13:16.262965
43,2022-05-21 13:49:11,2022-04-24 19:59:24,2026-06-30 08:43:40,164258,802,4845,2022-09-27 13:13:16.708416,2022-09-27 13:13:16.658954
168,2022-04-15 15:33:05,2022-04-28 18:24:28,2026-06-17 00:11:07,164462,866,1411,2022-09-27 13:13:16.624675,2022-09-27 13:13:16.830657
1,2022-06-15 12:42:44,2022-04-29 15:13:54,2026-11-12 15:03:38,283855,802,1607,2022-09-27 13:13:16.386984,2022-09-27 13:13:16.180445
70,2022-04-01 07:14:08,2022-04-19 14:36:49,2026-10-27 09:25:38,168150,535,3895,2022-09-27 13:13:16.047783,2022-09-27 13:13:16.284949
279,2022-04-10 16:27:38,2022-04-06 00:32:23,2026-08-06 19:42:56,188373,569,2355,2022-09-27 13:13:16.328666,2022-09-27 13:13:16.757461
231,2022-05-09 19:31:44,2022-03-24 02:36:25,2026-09-11 01:28:20,249041,866,4802,2022-09-27 13:13:16.257280,2022-09-27 13:13:16.840861
59,2022-05-20 03:21:07,2022-04-23 19:39:44,2026-05-14 15:29:33,225330,704,4499,2022-09-27 13:13:16.512942,2022-09-27 13:13:16.410973
94,2022-04-19 22:32:11,2022-03-25 15:31:34,2026-06-01 03:11:56,291996,866,2085,2022-09-27 13:13:16.153676,2022-09-27 13:13:16.842492
267,2022-04-12 16:07:28,2022-03-27 10:10:13,2026-07-10 00:03:12,244424,898,2643,2022-09-27 13:13:16.891983,2022-09-27 13:13:16.911777
138,2022-04-23 08:54:14,2022-04-12 12:32:14,2026-08-01 13:51:42,166195,766,3462,2022-09-27 13:13:16.446396,2022-09-27 13:13:16.526829
103,2022-06-08 17:07:21,2022-04-08 01:02:23,2026-10-24 20:02:39,162304,535,1993,2022-09-27 13:13:16.457729,2022-09-27 13:13:16.874500
152,2022-06-03 22:08:40,2022-04-19 23:00:54,2026-11-11 02:11:07,80006,569,2600,2022-09-27 13:13:16.051039,2022-09-27 13:13:16.510793
298,2022-06-15 08:54:48,2022-03-19 18:43:37,2026-05-23 17:27:38,227272,694,4904,2022-09-27 13:13:16.312690,2022-09-27 13:13:16.122614
29,2022-06-01 18:54:52,2022-04-08 02:58:45,2026-06-11 10:26:36,88162,704,2648,2022-09-27 13:13:16.197405,2022-09-27 13:13:16.090837
185,2022-03-27 18:20:56,2022-04-14 12:18:44,2026-10-25 20:26:22,99362,866,4751,2022-09-27 13:13:16.255728,2022-09-27 13:13:16.160439
247,2022-04-23 22:56:08,2022-04-15 00:29:01,2026-11-12 08:56:10,290812,618,3775,2022-09-27 13:13:16.658597,2022-09-27 13:13:16.614503
7,2022-06-14 18:05:38,2022-05-06 12:29:07,2026-09-14 09:51:56,134023,694,4998,2022-09-27 13:13:16.032726,2022-09-27 13:13:16.577379
176,2022-06-03 15:30:16,2022-03-25 19:20:44,2026-08-02 23:18:36,217215,766,2166,2022-09-27 13:13:16.600300,2022-09-27 13:13:16.165105
225,2022-05-01 14:32:24,2022-04-30 18:34:39,2026-05-03 12:59:32,116808,779,3020,2022-09-27 13:13:16.632962,2022-09-27 13:13:16.445872
148,2022-03-27 12:06:51,2022-04-25 18:40:55,2026-10-31 09:29:30,81904,866,3499,2022-09-27 13:13:16.309427,2022-09-27 13:13:16.070600
230,2022-04-11 22:10:01,2022-05-06 23:47:29,2026-10-26 04:38:02,148740,779,2816,2022-09-27 13:13:16.228221,2022-09-27 13:13:16.112881
283,2022-04-03 03:50:28,2022-04-16 04:20:18,2026-08-16 21:09:29,262516,535,3512,2022-09-27 13:13:16.939882,2022-09-27 13:13:16.533266
228,2022-06-17 03:41:42,2022-04-09 04:47:19,2026-09-30 21:40:28,298005,569,4412,2022-09-27 13:13:16.333020,2022-09-27 13:13:16.249022
104,2022-04-06 09:32:33,2022-04-12 02:57:25,2026-06-10 04:26:11,235243,766,4306,2022-09-27 13:13:16.364487,2022-09-27 13:13:16.619971
27,2022-06-01 12:22:07,2022-03-22 09:47:20,2026-05-30 16:06:44,240111,569,2836,2022-09-27 13:13:16.364026,2022-09-27 13:13:16.776503
286,2022-04-24 19:56:50,2022-04-07 19:06:33,2026-11-01 08:03:59,244476,569,4629,2022-09-27 13:13:16.408712,2022-09-27 13:13:16.462389
216,2022-05-07 12:12:37,2022-04-08 21:17:05,2026-06-03 09:07:10,126827,535,2430,2022-09-27 13:13:16.568174,2022-09-27 13:13:16.002810
123,2022-06-02 11:58:40,2022-04-14 19:51:15,2026-10-08 08:26:26,250409,779,3345,2022-09-27 13:13:16.164423,2022-09-27 13:13:16.497475
75,2022-03-21 09:20:10,2022-03-29 02:21:43,2026-09-18 01:22:20,287643,766,3737,2022-09-27 13:13:16.731175,2022-09-27 13:13:16.757259
56,2022-05-21 06:03:31,2022-04-02 14:56:25,2026-09-21 03:20:35,266026,898,4309,2022-09-27 13:13:16.841025,2022-09-27 13:13:16.525523
91,2022-06-08 22:52:00,2022-04-10 13:56:10,2026-07-02 22:24:27,210015,694,3020,2022-09-27 13:13:16.794457,2022-09-27 13:13:16.505908
269,2022-06-01 07:35:05,2022-05-07 09:59:37,2026-10-03 20:52:23,231289,618,1613,2022-09-27 13:13:16.934552,2022-09-27 13:13:16.001316
290,2022-04-19 21:01:09,2022-04-21 03:28:19,2026-09-06 23:18:18,281311,779,1717,2022-09-27 13:13:16.787482,2022-09-27 13:13:16.214699
264,2022-05-27 06:23:04,2022-03-24 15:35:40,2026-05-02 10:46:26,227406,535,1070,2022-09-27 13:13:16.979517,2022-09-27 13:13:16.031781
215,2022-06-11 07:55:45,2022-04-22 09:34:25,2026-05-30 03:01:50,296671,704,1181,2022-09-27 13:13:16.362283,2022-09-27 13:13:16.302158
178,2022-05-29 05:17:05,2022-04-30 17:02:33,2026-08-18 05:58:59,249876,704,1688,2022-09-27 13:13:16.577436,2022-09-27 13:13:16.641813
260,2022-04-28 06:48:18,2022-04-21 07:17:32,2026-07-10 10:25:36,187886,802,3071,2022-09-27 13:13:16.621594,2022-09-27 13:13:16.953106
45,2022-04-07 22:22:14,2022-03-30 02:28:24,2026-09-08 05:17:15,180182,618,2824,2022-09-27 13:13:16.655051,2022-09-27 13:13:16.485395
90,2022-05-10 06:18:43,2022-03-29 01:12:29,2026-07-30 18:02:22,129977,866,1942,2022-09-27 13:13:16.584308,2022-09-27 13:13:16.460862
129,2022-04-25 09:58:42,2022-04-30 19:19:41,2026-11-07 19:06:27,295618,898,4803,2022-09-27 13:13:16.155690,2022-09-27 13:13:16.626648
122,2022-04-22 17:53:45,2022-03-22 11:19:12,2026-06-20 16:53:16,200479,898,4799,2022-09-27 13:13:16.538809,2022-09-27 13:13:16.897055
252,2022-04-07 19:19:39,2022-04-07 07:19:52,2026-08-30 01:32:27,128452,704,2468,2022-09-27 13:13:16.397280,2022-09-27 13:13:16.422140
246,2022-06-06 01:48:25,2022-04-14 00:52:11,2026-07-16 19:35:34,294824,618,2641,2022-09-27 13:13:16.615737,2022-09-27 13:13:16.577940
296,2022-04-17 21:12:17,2022-03-24 16:14:46,2026-08-23 14:53:29,240302,704,2776,2022-09-27 13:13:16.301888,2022-09-27 13:13:16.139811
270,2022-04-07 03:26:32,2022-05-01 21:20:38,2026-05-22 17:44:43,98965,802,2897,2022-09-27 13:13:16.487360,2022-09-27 13:13:16.202912
222,2022-06-17 03:33:42,2022-04-28 01:19:56,2026-09-29 22:01:58,168625,766,2558,2022-09-27 13:13:16.453794,2022-09-27 13:13:16.998549
243,2022-05-25 19:23:13,2022-03-31 21:46:55,2026-08-15 23:39:16,197435,866,2999,2022-09-27 13:13:16.111412,2022-09-27 13:13:16.065347
277,2022-05-23 13:16:40,2022-04-14 23:05:49,2026-05-30 22:07:03,126426,704,2223,2022-09-27 13:13:16.300296,2022-09-27 13:13:16.906776
181,2022-04-22 02:52:06,2022-04-14 06:53:25,2026-10-29 08:57:13,172334,898,4495,2022-09-27 13:13:16.477071,2022-09-27 13:13:16.360125
213,2022-06-20 14:12:23,2022-04-10 17:09:11,2026-07-10 13:43:14,120173,694,3071,2022-09-27 13:13:16.948010,2022-09-27 13:13:16.544981
198,2022-03-25 08:18:43,2022-04-06 18:01:39,2026-06-12 08:47:08,215305,866,1998,2022-09-27 13:13:16.988930,2022-09-27 13:13:16.700406
284,2022-05-13 16:02:12,2022-04-27 20:36:36,2026-05-26 19:57:12,186668,866,2643,2022-09-27 13:13:16.480109,2022-09-27 13:13:16.519006
266,2022-03-27 16:08:05,2022-05-06 10:27:32,2026-10-17 09:28:53,81688,898,3045,2022-09-27 13:13:16.552894,2022-09-27 13:13:16.440172
120,2022-04-30 11:14:46,2022-03-20 12:17:55,2026-06-23 13:03:21,144225,766,1446,2022-09-27 13:13:16.825693,2022-09-27 13:13:16.800048
78,2022-04-17 12:29:44,2022-03-25 00:48:01,2026-07-05 00:35:17,97188,704,3418,2022-09-27 13:13:16.715087,2022-09-27 13:13:16.547536
76,2022-05-07 06:10:42,2022-04-06 22:02:19,2026-07-01 12:09:15,272846,779,3895,2022-09-27 13:13:16.693555,2022-09-27 13:13:16.658503
249,2022-06-04 18:29:07,2022-04-04 01:04:52,2026-05-30 19:21:43,260544,569,2143,2022-09-27 13:13:16.214576,2022-09-27 13:13:16.302638
237,2022-05-21 11:52:40,2022-04-07 00:28:04,2026-06-20 04:24:25,104122,694,1312,2022-09-27 13:13:16.835704,2022-09-27 13:13:16.996334
34,2022-05-21 05:25:52,2022-03-28 15:43:54,2026-05-23 12:29:17,95491,802,3234,2022-09-27 13:13:16.409866,2022-09-27 13:13:16.042851
187,2022-04-20 09:28:43,2022-04-11 08:20:58,2026-04-29 04:21:40,198674,569,4514,2022-09-27 13:13:16.330722,2022-09-27 13:13:16.364832
32,2022-03-28 22:17:35,2022-04-05 23:45:59,2026-09-15 01:36:02,222503,779,4379,2022-09-27 13:13:16.436698,2022-09-27 13:13:16.871460
300,2022-04-26 02:46:39,2022-04-26 05:56:20,2026-09-06 06:00:49,153761,569,3352,2022-09-27 13:13:16.674591,2022-09-27 13:13:16.251451
88,2022-04-27 18:02:00,2022-05-04 23:01:20,2026-11-01 12:44:57,106681,535,1916,2022-09-27 13:13:16.955567,2022-09-27 13:13:16.346619
224,2022-05-17 22:46:31,2022-04-01 09:05:36,2026-08-10 08:35:51,126212,694,4301,2022-09-27 13:13:16.154375,2022-09-27 13:13:16.826561
232,2022-04-20 09:08:29,2022-04-20 00:48:43,2026-09-23 12:06:36,148052,569,1460,2022-09-27 13:13:16.277948,2022-09-27 13:13:16.139774
234,2022-03-21 23:01:35,2022-05-04 02:17:24,2026-07-21 00:17:18,299505,779,1175,2022-09-27 13:13:16.020673,2022-09-27 13:13:16.289986
177,2022-04-27 18:03:20,2022-04-02 16:57:57,2026-08-14 03:47:08,116250,866,1974,2022-09-27 13:13:16.239522,2022-09-27 13:13:16.180941
3,2022-04-25 05:21:58,2022-04-25 07:37:38,2026-07-12 14:00:10,228176,569,3885,2022-09-27 13:13:16.198473,2022-09-27 13:13:16.771293
150,2022-04-19 15:12:10,2022-04-14 01:01:10,2026-08-30 15:02:33,218284,694,3121,2022-09-27 13:13:16.445955,2022-09-27 13:13:16.233637
83,2022-04-08 00:23:25,2022-04-08 06:42:15,2026-10-23 18:08:21,161532,618,4802,2022-09-27 13:13:16.259299,2022-09-27 13:13:16.783800
64,2022-04-10 22:14:26,2022-05-04 02:49:57,2026-09-19 16:50:11,153406,866,3699,2022-09-27 13:13:16.133637,2022-09-27 13:13:16.782618
226,2022-06-11 07:29:11,2022-04-01 05:50:04,2026-04-27 14:25:52,133998,569,4427,2022-09-27 13:13:16.592492,2022-09-27 13:13:16.919465
193,2022-04-22 02:02:05,2022-04-25 17:17:20,2026-10-02 09:32:26,251012,704,4597,2022-09-27 13:13:16.398740,2022-09-27 13:13:16.301362
48,2022-05-31 20:28:33,2022-04-13 08:43:16,2026-05-17 11:12:35,238423,704,3662,2022-09-27 13:13:16.899506,2022-09-27 13:13:16.501625
92,2022-04-11 23:03:01,2022-04-07 04:45:05,2026-07-23 07:26:51,276333,802,2452,2022-09-27 13:13:16.227263,2022-09-27 13:13:16.544586
293,2022-05-04 03:38:28,2022-04-26 08:18:16,2026-09-05 04:59:15,211963,898,3115,2022-09-27 13:13:16.958575,2022-09-27 13:13:16.697704
192,2022-05-22 22:13:57,2022-04-14 16:02:14,2026-07-16 07:50:17,297431,802,3499,2022-09-27 13:13:16.089000,2022-09-27 13:13:16.534793
272,2022-05-17 02:04:21,2022-04-20 09:16:38,2026-10-17 14:14:19,237983,802,1918,2022-09-27 13:13:16.409978,2022-09-27 13:13:16.612835
188,2022-05-09 20:43:19,2022-03-29 19:01:00,2026-06-01 02:59:44,166883,779,2714,2022-09-27 13:13:16.357229,2022-09-27 13:13:16.513339
206,2022-04-05 16:04:59,2022-04-14 19:24:47,2026-09-03 00:39:39,178465,694,3892,2022-09-27 13:13:16.595516,2022-09-27 13:13:16.876788
61,2022-04-28 23:14:13,2022-04-08 22:24:06,2026-08-16 16:52:48,228547,898,3499,2022-09-27 13:13:16.961376,2022-09-27 13:13:16.871511
166,2022-06-10 12:11:28,2022-03-25 09:32:22,2026-08-30 12:28:47,106764,766,3780,2022-09-27 13:13:16.342448,2022-09-27 13:13:16.568482
28,2022-05-11 19:51:18,2022-04-12 07:10:46,2026-08-03 13:19:40,135437,779,3151,2022-09-27 13:13:16.004449,2022-09-27 13:13:16.735228
157,2022-05-13 13:24:52,2022-05-01 07:11:14,2026-07-15 13:03:01,270151,802,1834,2022-09-27 13:13:16.382074,2022-09-27 13:13:16.615755
169,2022-06-21 18:09:06,2022-04-06 00:29:29,2026-08-03 14:59:05,296361,535,1450,2022-09-27 13:13:16.918978,2022-09-27 13:13:16.304370
100,2022-06-16 01:02:38,2022-04-29 07:43:34,2026-11-02 23:14:21,103714,618,2085,2022-09-27 13:13:16.477085,2022-09-27 13:13:16.187667
12,2022-03-23 09:24:28,2022-03-24 18:21:03,2026-06-19 17:57:02,285478,569,3074,2022-09-27 13:13:16.115468,2022-09-27 13:13:16.176772
199,2022-06-12 06:19:40,2022-04-10 01:55:05,2026-10-17 10:42:02,282348,535,2660,2022-09-27 13:13:16.388644,2022-09-27 13:13:16.816628
173,2022-05-14 16:19:45,2022-04-17 00:51:01,2026-10-24 06:20:01,178879,802,3725,2022-09-27 13:13:16.036803,2022-09-27 13:13:16.670941
77,2022-05-03 20:02:06,2022-03-31 08:49:38,2026-10-16 14:04:41,92636,694,1997,2022-09-27 13:13:16.668559,2022-09-27 13:13:16.951435
159,2022-06-14 23:15:34,2022-04-09 04:40:38,2026-10-07 03:40:46,291776,694,4598,2022-09-27 13:13:16.766258,2022-09-27 13:13:16.319492
126,2022-03-20 12:16:19,2022-04-20 22:35:03,2026-05-31 11:40:33,261937,694,2849,2022-09-27 13:13:16.249952,2022-09-27 13:13:16.346389
170,2022-04-15 22:21:05,2022-05-07 01:23:05,2026-08-22 14:28:46,98210,694,1939,2022-09-27 13:13:16.247908,2022-09-27 13:13:16.984610
207,2022-06-15 19:43:03,2022-04-02 09:14:50,2026-10-25 10:25:46,192944,779,2638,2022-09-27 13:13:16.867048,2022-09-27 13:13:16.981113
142,2022-06-15 01:53:58,2022-04-26 06:16:57,2026-11-05 08:48:11,236095,802,1063,2022-09-27 13:13:16.627997,2022-09-27 13:13:16.424396
139,2022-06-09 17:22:14,2022-03-24 18:38:00,2026-05-03 11:08:58,268207,535,2097,2022-09-27 13:13:16.333546,2022-09-27 13:13:16.344803
108,2022-06-19 06:10:47,2022-05-07 15:31:05,2026-06-09 04:23:38,205905,704,4479,2022-09-27 13:13:16.375532,2022-09-27 13:13:16.468621
17,2022-04-24 14:16:58,2022-04-17 05:09:05,2026-07-11 10:05:38,130171,618,3689,2022-09-27 13:13:16.007157,2022-09-27 13:13:16.998384
99,2022-06-02 23:07:20,2022-04-17 14:11:10,2026-05-19 09:02:54,160046,694,3719,2022-09-27 13:13:16.159451,2022-09-27 13:13:16.294159
258,2022-05-01 20:04:17,2022-04-01 06:50:33,2026-06-08 05:16:18,263448,766,1489,2022-09-27 13:13:16.065654,2022-09-27 13:13:16.800748
16,2022-06-14 12:22:31,2022-04-06 10:35:50,2026-10-05 00:54:41,130695,779,2499,2022-09-27 13:13:16.472015,2022-09-27 13:13:16.220858
265,2022-03-30 01:26:52,2022-04-07 19:05:40,2026-07-04 17:25:23,266811,704,3234,2022-09-27 13:13:16.611345,2022-09-27 13:13:16.396623
163,2022-04-27 13:27:56,2022-04-11 04:02:14,2026-06-25 12:49:20,150417,766,2711,2022-09-27 13:13:16.485376,2022-09-27 13:13:16.090328
263,2022-06-17 08:50:12,2022-03-19 05:52:13,2026-05-10 09:15:33,248157,802,2215,2022-09-27 13:13:16.563122,2022-09-27 13:13:16.346733
212,2022-04-02 20:53:39,2022-04-18 09:48:02,2026-09-16 15:26:20,159397,766,4235,2022-09-27 13:13:16.992503,2022-09-27 13:13:16.452945
221,2022-05-23 00:29:50,2022-05-04 03:34:41,2026-08-16 08:34:19,296040,866,4537,2022-09-27 13:13:16.887598,2022-09-27 13:13:16.295001
80,2022-06-01 20:25:52,2022-03-24 11:47:14,2026-08-21 11:34:40,203128,866,1932,2022-09-27 13:13:16.020746,2022-09-27 13:13:16.412572
143,2022-04-20 08:31:00,2022-04-01 19:27:43,2026-08-17 01:48:14,99737,802,4398,2022-09-27 13:13:16.686667,2022-09-27 13:13:16.112093
26,2022-03-21 05:32:36,2022-04-01 03:36:25,2026-10-08 03:47:06,259968,535,2333,2022-09-27 13:13:16.603561,2022-09-27 13:13:16.579874
30,2022-04-13 01:33:49,2022-04-22 09:27:31,2026-08-28 11:43:49,152747,694,2373,2022-09-27 13:13:16.407055,2022-09-27 13:13:16.435117
42,2022-03-29 04:48:39,2022-04-21 13:50:16,2026-10-10 12:33:34,217141,898,3794,2022-09-27 13:13:16.701289,2022-09-27 13:13:16.939460
299,2022-04-20 05:25:56,2022-05-07 19:58:36,2026-05-04 22:29:56,118494,766,1381,2022-09-27 13:13:16.084660,2022-09-27 13:13:16.419353
81,2022-06-04 09:07:38,2022-04-19 15:34:26,2026-10-20 12:06:22,145605,569,1160,2022-09-27 13:13:16.969187,2022-09-27 13:13:16.805981
86,2022-05-10 12:54:59,2022-05-07 15:38:48,2026-05-25 08:08:03,95716,694,4494,2022-09-27 13:13:16.157006,2022-09-27 13:13:16.791522
274,2022-04-29 22:17:43,2022-04-15 22:26:29,2026-10-26 14:39:15,158510,569,4183,2022-09-27 13:13:16.405938,2022-09-27 13:13:16.022735
194,2022-05-23 02:31:03,2022-05-07 06:18:01,2026-07-24 03:50:00,136450,535,4173,2022-09-27 13:13:16.638329,2022-09-27 13:13:16.998823
268,2022-06-14 07:03:02,2022-05-02 02:25:12,2026-10-18 04:59:51,145628,779,3538,2022-09-27 13:13:16.866826,2022-09-27 13:13:16.027365
253,2022-04-02 06:08:34,2022-04-10 06:56:55,2026-11-13 02:18:00,82782,569,4205,2022-09-27 13:13:16.199594,2022-09-27 13:13:16.239111
13,2022-05-02 02:15:16,2022-04-05 13:08:09,2026-11-04 10:46:34,230170,569,2401,2022-09-27 13:13:16.657822,2022-09-27 13:13:16.508471
158,2022-06-17 10:33:07,2022-03-24 09:22:22,2026-05-14 23:57:25,242491,779,2881,2022-09-27 13:13:16.884907,2022-09-27 13:13:16.429697
14,2022-05-03 11:12:32,2022-04-20 06:27:08,2026-08-28 14:43:49,191712,704,2923,2022-09-27 13:13:16.540314,2022-09-27 13:13:16.450942
292,2022-06-07 05:12:44,2022-04-22 08:02:41,2026-07-19 23:09:18,250599,569,3085,2022-09-27 13:13:16.023738,2022-09-27 13:13:16.138619
161,2022-03-20 01:21:21,2022-05-01 05:19:40,2026-08-02 22:32:27,122136,766,1718,2022-09-27 13:13:16.785875,2022-09-27 13:13:16.658484
135,2022-06-08 06:24:20,2022-05-03 09:33:01,2026-06-17 14:40:38,256357,802,3503,2022-09-27 13:13:16.479300,2022-09-27 13:13:16.118681
97,2022-03-27 22:11:41,2022-03-31 11:44:22,2026-05-16 02:29:08,110633,866,3698,2022-09-27 13:13:16.295267,2022-09-27 13:13:16.034826
39,2022-03-21 16:45:45,2022-04-26 08:20:01,2026-10-29 01:46:47,254250,569,1295,2022-09-27 13:13:16.003493,2022-09-27 13:13:16.376827
204,2022-05-08 14:11:16,2022-03-31 21:19:27,2026-06-27 00:44:09,127376,704,4910,2022-09-27 13:13:16.168598,2022-09-27 13:13:16.190365
190,2022-03-19 13:18:18,2022-05-02 01:44:28,2026-09-16 22:13:36,152388,866,3297,2022-09-27 13:13:16.590481,2022-09-27 13:13:16.914147
84,2022-05-08 17:00:23,2022-04-29 01:08:58,2026-09-03 10:29:49,184480,766,4668,2022-09-27 13:13:16.236931,2022-09-27 13:13:16.302905
15,2022-03-26 17:46:39,2022-04-24 03:51:47,2026-10-24 06:50:31,139516,802,1369,2022-09-27 13:13:16.497686,2022-09-27 13:13:16.331997
229,2022-04-20 01:28:20,2022-04-15 01:16:31,2026-05-29 06:40:30,226935,898,3782,2022-09-27 13:13:16.451071,2022-09-27 13:13:16.409099
140,2022-05-03 22:13:41,2022-04-02 20:57:27,2026-05-22 17:01:56,299853,802,2483,2022-09-27 13:13:16.020085,2022-09-27 13:13:16.143563
134,2022-06-11 10:36:31,2022-03-27 03:31:21,2026-05-12 10:30:20,106610,766,3830,2022-09-27 13:13:16.504479,2022-09-27 13:13:16.918203
128,2022-03-29 19:04:48,2022-05-07 00:25:14,2026-09-21 12:49:08,192508,802,1500,2022-09-27 13:13:16.728402,2022-09-27 13:13:16.434223
57,2022-05-24 06:43:04,2022-04-04 12:42:34,2026-09-21 09:06:52,92309,694,3814,2022-09-27 13:13:16.950611,2022-09-27 13:13:16.043427
162,2022-03-28 11:12:47,2022-04-28 17:59:49,2026-09-23 13:10:17,177919,569,1137,2022-09-27 13:13:16.273523,2022-09-27 13:13:16.524880
115,2022-04-08 14:10:08,2022-04-22 21:10:52,2026-07-11 18:57:13,132860,898,1510,2022-09-27 13:13:16.146333,2022-09-27 13:13:16.782879
205,2022-05-13 00:18:25,2022-03-28 05:16:59,2026-05-20 01:16:13,176982,618,1918,2022-09-27 13:13:16.658982,2022-09-27 13:13:16.785130
209,2022-06-11 14:25:52,2022-03-20 23:45:54,2026-06-10 19:49:19,199128,779,3107,2022-09-27 13:13:16.482995,2022-09-27 13:13:16.621227
71,2022-03-21 02:42:17,2022-05-04 13:10:34,2026-06-11 02:44:09,218574,779,4340,2022-09-27 13:13:16.831905,2022-09-27 13:13:16.744516
201,2022-05-07 06:15:14,2022-05-07 06:08:08,2026-07-17 07:33:11,223495,618,1453,2022-09-27 13:13:16.710554,2022-09-27 13:13:16.720400
125,2022-05-08 14:39:22,2022-05-03 15:55:47,2026-10-23 14:12:39,187887,766,4899,2022-09-27 13:13:16.510226,2022-09-27 13:13:16.649753
33,2022-05-09 06:12:11,2022-03-18 14:32:47,2026-07-29 01:25:42,266334,535,4068,2022-09-27 13:13:16.230768,2022-09-27 13:13:16.190464
105,2022-04-25 15:08:47,2022-04-20 01:06:10,2026-09-27 02:31:56,228251,694,4574,2022-09-27 13:13:16.195022,2022-09-27 13:13:16.869052
23,2022-04-19 06:18:11,2022-04-03 21:10:34,2026-09-19 14:03:04,150164,535,3698,2022-09-27 13:13:16.378776,2022-09-27 13:13:16.123006
62,2022-06-07 07:23:40,2022-05-06 06:40:56,2026-06-16 11:45:44,183740,898,1149,2022-09-27 13:13:16.779398,2022-09-27 13:13:16.912917
96,2022-06-07 13:06:18,2022-04-25 20:59:51,2026-05-06 07:36:56,203214,569,4791,2022-09-27 13:13:16.810466,2022-09-27 13:13:16.295108
79,2022-04-11 19:52:26,2022-04-05 10:15:17,2026-06-15 08:56:36,98978,866,3988,2022-09-27 13:13:16.067851,2022-09-27 13:13:16.547487
254,2022-04-16 07:35:13,2022-03-22 08:23:41,2026-08-10 21:02:29,286370,694,4086,2022-09-27 13:13:16.340183,2022-09-27 13:13:16.325424
144,2022-05-13 08:37:58,2022-04-01 23:30:34,2026-09-25 15:17:36,156014,704,3448,2022-09-27 13:13:16.226929,2022-09-27 13:13:16.955607
66,2022-06-15 23:07:32,2022-04-26 17:14:18,2026-08-16 23:13:20,212172,535,1741,2022-09-27 13:13:16.371563,2022-09-27 13:13:16.218761
116,2022-06-06 05:06:47,2022-04-05 15:23:38,2026-10-09 00:59:56,98138,618,3014,2022-09-27 13:13:16.065600,2022-09-27 13:13:16.054937
36,2022-04-27 11:59:01,2022-03-27 07:46:50,2026-05-05 08:26:10,274710,766,3030,2022-09-27 13:13:16.744248,2022-09-27 13:13:16.711156
195,2022-06-17 01:21:06,2022-04-01 02:30:16,2026-05-18 09:58:26,109697,704,4910,2022-09-27 13:13:16.533807,2022-09-27 13:13:16.444050
180,2022-06-19 05:47:09,2022-03-27 09:05:37,2026-09-11 05:15:52,89000,779,4103,2022-09-27 13:13:16.525619,2022-09-27 13:13:16.671878
72,2022-05-12 13:15:50,2022-04-30 21:36:29,2026-11-12 04:40:29,247616,866,2350,2022-09-27 13:13:16.810047,2022-09-27 13:13:16.641146
133,2022-04-25 02:28:19,2022-04-21 14:07:20,2026-09-23 17:05:22,217014,779,2318,2022-09-27 13:13:16.583237,2022-09-27 13:13:16.440862
117,2022-06-13 13:29:46,2022-04-19 00:24:45,2026-05-03 14:02:45,197028,802,4995,2022-09-27 13:13:16.807330,2022-09-27 13:13:16.001781
58,2022-06-11 10:32:48,2022-03-23 12:01:19,2026-07-31 23:39:45,267744,898,4742,2022-09-27 13:13:16.167624,2022-09-27 13:13:16.796202
118,2022-05-20 04:47:56,2022-04-13 17:09:34,2026-10-10 15:35:36,207169,766,3596,2022-09-27 13:13:16.820009,2022-09-27 13:13:16.199630
220,2022-06-06 22:49:39,2022-05-01 05:17:51,2026-06-10 05:05:22,147314,779,3621,2022-09-27 13:13:16.933742,2022-09-27 13:13:16.433830
41,2022-03-31 10:20:45,2022-04-28 11:20:06,2026-09-29 09:22:11,167805,898,4095,2022-09-27 13:13:16.597159,2022-09-27 13:13:16.303662
291,2022-06-02 14:25:27,2022-03-24 01:28:14,2026-09-05 13:34:04,178514,694,2358,2022-09-27 13:13:16.606595,2022-09-27 13:13:16.535413
106,2022-06-19 02:53:30,2022-04-24 06:53:37,2026-08-04 10:47:31,152671,694,2367,2022-09-27 13:13:16.316021,2022-09-27 13:13:16.028348
160,2022-06-11 10:55:45,2022-05-01 18:28:35,2026-05-23 11:19:06,131761,535,2220,2022-09-27 13:13:16.005463,2022-09-27 13:13:16.517015
197,2022-04-21 21:49:00,2022-04-26 12:35:59,2026-08-18 04:13:53,136459,704,3793,2022-09-27 13:13:16.694676,2022-09-27 13:13:16.446380
257,2022-05-28 05:20:13,2022-04-02 04:42:09,2026-05-08 22:48:13,207506,704,2237,2022-09-27 13:13:16.743551,2022-09-27 13:13:16.212547
107,2022-05-31 12:50:57,2022-05-07 09:05:23,2026-09-03 13:19:44,186490,866,3604,2022-09-27 13:13:16.468572,2022-09-27 13:13:16.921607
147,2022-05-29 03:38:23,2022-04-26 18:57:28,2026-10-10 22:03:40,294999,866,2619,2022-09-27 13:13:16.381963,2022-09-27 13:13:16.606158
44,2022-04-29 17:16:07,2022-03-31 23:17:38,2026-09-06 23:46:05,238090,779,4843,2022-09-27 13:13:16.601114,2022-09-27 13:13:16.257718
136,2022-05-19 05:08:46,2022-04-04 16:44:15,2026-09-26 10:47:56,281313,802,2341,2022-09-27 13:13:16.372267,2022-09-27 13:13:16.031181
149,2022-05-27 17:38:00,2022-04-05 00:51:24,2026-07-04 06:02:19,160603,802,2901,2022-09-27 13:13:16.123498,2022-09-27 13:13:16.011617
179,2022-03-23 15:15:54,2022-04-25 10:14:44,2026-10-06 04:03:33,197511,618,3312,2022-09-27 13:13:16.350685,2022-09-27 13:13:16.422221
40,2022-04-21 09:33:01,2022-05-07 00:05:23,2026-07-22 08:10:41,154344,802,3229,2022-09-27 13:13:16.352976,2022-09-27 13:13:16.077071
273,2022-05-23 05:56:13,2022-03-31 02:27:28,2026-10-07 14:13:51,92698,766,2658,2022-09-27 13:13:16.789733,2022-09-27 13:13:16.563477
37,2022-03-25 15:57:35,2022-04-02 15:29:58,2026-05-20 19:56:47,266711,694,3118,2022-09-27 13:13:16.224207,2022-09-27 13:13:16.735660
211,2022-04-28 02:13:59,2022-04-07 19:36:21,2026-07-17 09:30:23,160085,866,4258,2022-09-27 13:13:16.161955,2022-09-27 13:13:16.094177
297,2022-04-25 04:00:59,2022-04-22 08:48:41,2026-09-04 12:57:49,271618,704,4110,2022-09-27 13:13:16.777701,2022-09-27 13:13:16.431026
24,2022-06-06 06:26:54,2022-03-19 02:27:06,2026-10-08 21:33:37,158037,694,1068,2022-09-27 13:13:16.055489,2022-09-27 13:13:16.314846
2,2022-05-24 21:33:50,2022-04-02 13:43:26,2026-06-12 05:34:41,292966,535,2003,2022-09-27 13:13:16.127871,2022-09-27 13:13:16.638029
18,2022-03-23 19:09:05,2022-04-16 17:08:50,2026-10-20 15:58:51,235031,704,1758,2022-09-27 13:13:16.846797,2022-09-27 13:13:16.861605
156,2022-05-18 14:05:35,2022-05-04 16:58:59,2026-09-21 15:34:54,263931,779,1476,2022-09-27 13:13:16.875101,2022-09-27 13:13:16.011728
101,2022-05-14 21:46:19,2022-03-30 03:47:39,2026-10-16 13:56:27,273590,535,1363,2022-09-27 13:13:16.279053,2022-09-27 13:13:16.421728
256,2022-06-15 18:52:51,2022-04-23 13:23:54,2026-08-15 22:13:36,142130,535,3863,2022-09-27 13:13:16.238811,2022-09-27 13:13:16.077988
164,2022-03-24 00:17:36,2022-04-21 02:17:16,2026-09-02 06:24:04,162605,535,2249,2022-09-27 13:13:16.279146,2022-09-27 13:13:16.033084
287,2022-05-22 16:35:53,2022-04-12 03:22:02,2026-06-03 20:20:38,209291,694,1417,2022-09-27 13:13:16.782288,2022-09-27 13:13:16.390263
113,2022-04-10 12:32:24,2022-04-16 14:39:00,2026-04-30 23:53:30,105173,535,2545,2022-09-27 13:13:16.205805,2022-09-27 13:13:16.009240
153,2022-06-20 18:35:17,2022-04-29 20:04:12,2026-10-08 23:14:34,210673,779,4299,2022-09-27 13:13:16.034632,2022-09-27 13:13:16.398963
278,2022-04-21 02:18:35,2022-03-30 13:51:16,2026-08-29 17:06:54,283549,779,4977,2022-09-27 13:13:16.524688,2022-09-27 13:13:16.830377
124,2022-05-24 03:17:19,2022-04-20 07:06:50,2026-07-27 01:18:37,137633,802,2049,2022-09-27 13:13:16.887137,2022-09-27 13:13:16.009244
196,2022-04-27 10:30:44,2022-04-06 08:58:52,2026-10-12 12:51:13,208749,779,3901,2022-09-27 13:13:16.740933,2022-09-27 13:13:16.812170
130,2022-04-27 22:54:22,2022-04-25 13:24:27,2026-11-06 15:46:31,188467,704,2807,2022-09-27 13:13:16.612648,2022-09-27 13:13:16.914613
60,2022-05-26 09:22:39,2022-05-05 15:29:25,2026-10-19 10:48:21,224514,802,1630,2022-09-27 13:13:16.296966,2022-09-27 13:13:16.008848
98,2022-05-07 19:28:44,2022-03-28 20:22:14,2026-09-15 23:07:52,233797,569,3250,2022-09-27 13:13:16.228263,2022-09-27 13:13:16.180972
5,2022-05-15 17:28:56,2022-04-24 19:10:46,2026-08-15 23:12:43,206178,535,4495,2022-09-27 13:13:16.753483,2022-09-27 13:13:16.085832
69,2022-03-25 07:47:50,2022-04-29 21:09:51,2026-10-27 09:28:05,227527,618,2926,2022-09-27 13:13:16.228250,2022-09-27 13:13:16.652228
239,2022-04-19 09:07:31,2022-05-04 16:57:43,2026-05-07 14:40:19,240698,802,3416,2022-09-27 13:13:16.788391,2022-09-27 13:13:16.519189
245,2022-06-07 19:45:09,2022-04-08 20:43:16,2026-10-13 05:02:50,277392,618,4327,2022-09-27 13:13:16.029617,2022-09-27 13:13:16.434347
271,2022-04-24 09:41:23,2022-04-15 02:15:23,2026-06-29 15:26:26,138834,618,2091,2022-09-27 13:13:16.483068,2022-09-27 13:13:16.980466
119,2022-05-01 08:11:34,2022-04-03 19:20:37,2026-09-15 10:05:27,208165,704,2267,2022-09-27 13:13:16.001367,2022-09-27 13:13:16.970823
240,2022-04-10 22:25:29,2022-05-07 22:50:27,2026-05-01 09:46:59,224248,802,2541,2022-09-27 13:13:16.158738,2022-09-27 13:13:16.498822
261,2022-06-09 19:03:32,2022-04-30 13:40:04,2026-08-11 11:47:36,141275,866,1921,2022-09-27 13:13:16.745713,2022-09-27 13:13:16.830981
49,2022-03-25 07:58:44,2022-04-07 02:11:35,2026-04-27 15:58:15,178695,618,2843,2022-09-27 13:13:16.778093,2022-09-27 13:13:16.457708
87,2022-05-03 02:43:34,2022-04-03 19:37:18,2026-09-19 08:29:46,110632,866,4773,2022-09-27 13:13:16.996361,2022-09-27 13:13:16.951420
189,2022-05-22 10:05:28,2022-03-24 16:34:16,2026-06-23 00:43:58,258271,704,1362,2022-09-27 13:13:16.840309,2022-09-27 13:13:16.174510
19,2022-05-28 01:51:53,2022-04-11 23:05:29,2026-10-26 22:52:39,237201,802,4347,2022-09-27 13:13:16.003619,2022-09-27 13:13:16.146124
182,2022-06-22 10:06:38,2022-04-15 01:26:49,2026-05-09 22:59:05,93236,694,4431,2022-09-27 13:13:16.402218,2022-09-27 13:13:16.193123
22,2022-05-17 15:18:26,2022-03-24 07:44:56,2026-11-02 04:28:49,134201,802,2223,2022-09-27 13:13:16.824378,2022-09-27 13:13:16.971482
67,2022-06-04 10:20:21,2022-04-12 07:00:59,2026-06-06 05:25:30,103214,704,3140,2022-09-27 13:13:16.828621,2022-09-27 13:13:16.093443
146,2022-06-01 05:34:01,2022-04-23 19:59:20,2026-06-05 05:10:39,259654,618,1350,2022-09-27 13:13:16.321348,2022-09-27 13:13:16.283284
111,2022-03-19 21:01:51,2022-04-03 13:54:46,2026-08-07 22:20:54,170799,618,1884,2022-09-27 13:13:16.309808,2022-09-27 13:13:16.275701
63,2022-04-08 00:16:20,2022-04-26 03:11:17,2026-11-01 11:37:34,169751,766,3414,2022-09-27 13:13:16.551214,2022-09-27 13:13:16.719039
127,2022-06-03 19:26:31,2022-04-20 17:44:37,2026-06-30 05:56:00,178514,535,1195,2022-09-27 13:13:16.873443,2022-09-27 13:13:16.646977
244,2022-06-19 21:07:59,2022-04-27 11:39:44,2026-07-24 04:40:56,264777,618,4634,2022-09-27 13:13:16.721465,2022-09-27 13:13:16.766287
93,2022-05-17 18:34:21,2022-04-17 04:27:47,2026-07-23 02:39:44,154796,569,1314,2022-09-27 13:13:16.878017,2022-09-27 13:13:16.202615
85,2022-05-05 13:03:36,2022-03-27 10:46:32,2026-05-25 23:46:15,167201,866,2339,2022-09-27 13:13:16.383614,2022-09-27 13:13:16.581541
202,2022-05-27 18:52:55,2022-04-10 06:43:46,2026-09-08 19:46:01,131992,618,3003,2022-09-27 13:13:16.479226,2022-09-27 13:13:16.763157
145,2022-06-14 03:58:01,2022-04-01 08:07:08,2026-09-01 20:10:13,164871,618,1334,2022-09-27 13:13:16.761363,2022-09-27 13:13:16.518120
282,2022-04-13 02:08:20,2022-03-28 16:54:36,2026-07-01 03:54:46,146556,704,2707,2022-09-27 13:13:16.179417,2022-09-27 13:13:16.186121
51,2022-05-10 22:33:34,2022-04-05 07:44:08,2026-08-30 05:45:22,287832,866,3340,2022-09-27 13:13:16.516514,2022-09-27 13:13:16.849648
38,2022-05-24 04:53:21,2022-03-23 08:01:01,2026-08-15 16:28:52,120607,569,1660,2022-09-27 13:13:16.581270,2022-09-27 13:13:16.038551
167,2022-03-25 13:42:19,2022-03-18 17:55:16,2026-10-21 13:05:29,286669,569,2622,2022-09-27 13:13:16.533766,2022-09-27 13:13:16.022784
35,2022-04-17 04:51:21,2022-03-19 06:14:39,2026-09-09 01:21:45,176918,766,1762,2022-09-27 13:13:16.947657,2022-09-27 13:13:16.489478
175,2022-05-07 05:44:12,2022-04-10 23:01:56,2026-09-04 14:41:02,253399,618,1702,2022-09-27 13:13:16.320470,2022-09-27 13:13:16.319080
52,2022-05-25 06:44:40,2022-04-17 17:46:34,2026-06-29 07:08:14,297637,618,4221,2022-09-27 13:13:16.804268,2022-09-27 13:13:16.345146
218,2022-06-03 19:27:24,2022-05-07 18:45:49,2026-05-12 17:04:56,233421,866,3871,2022-09-27 13:13:16.828071,2022-09-27 13:13:16.251080
73,2022-05-08 11:05:05,2022-05-07 21:53:22,2026-07-17 01:02:26,218991,694,1499,2022-09-27 13:13:16.111751,2022-09-27 13:13:16.883229
68,2022-05-29 10:01:47,2022-03-21 21:35:29,2026-05-21 11:17:28,270992,535,2294,2022-09-27 13:13:16.245074,2022-09-27 13:13:16.863779
121,2022-05-29 10:27:04,2022-04-01 19:50:58,2026-06-05 05:30:38,116452,866,2737,2022-09-27 13:13:16.501457,2022-09-27 13:13:16.404680
217,2022-04-01 03:21:53,2022-03-20 08:46:52,2026-06-08 12:13:11,249682,802,3121,2022-09-27 13:13:16.575234,2022-09-27 13:13:16.735426
89,2022-05-17 17:52:21,2022-05-07 23:27:09,2026-07-27 08:34:10,134202,618,4558,2022-09-27 13:13:16.537754,2022-09-27 13:13:16.468474
214,2022-05-11 09:19:00,2022-04-04 18:49:04,2026-10-06 23:06:08,183405,766,3524,2022-09-27 13:13:16.692430,2022-09-27 13:13:16.010001
294,2022-06-05 12:19:33,2022-05-01 16:28:21,2026-10-16 23:35:43,253795,535,1920,2022-09-27 13:13:16.042149,2022-09-27 13:13:16.331379
50,2022-06-14 07:09:03,2022-05-06 08:54:48,2026-09-06 01:15:59,282697,866,3556,2022-09-27 13:13:16.621701,2022-09-27 13:13:16.256905
223,2022-06-03 00:31:14,2022-04-28 09:17:05,2026-10-28 00:05:53,126900,535,3250,2022-09-27 13:13:16.723966,2022-09-27 13:13:16.389332
233,2022-04-11 21:03:15,2022-04-08 13:10:39,2026-08-05 23:12:41,252263,535,1434,2022-09-27 13:13:16.290423,2022-09-27 13:13:16.628892
295,2022-03-25 16:26:47,2022-04-03 08:38:22,2026-08-05 09:48:28,166648,898,1033,2022-09-27 13:13:16.628335,2022-09-27 13:13:16.635112
141,2022-05-25 21:51:10,2022-04-26 06:05:23,2026-09-24 21:46:30,81574,766,2430,2022-09-27 13:13:16.418872,2022-09-27 13:13:16.879000
242,2022-04-29 23:01:19,2022-04-20 21:09:32,2026-10-10 17:21:43,130661,535,3871,2022-09-27 13:13:16.989023,2022-09-27 13:13:16.468069
47,2022-06-07 15:55:04,2022-04-02 09:00:46,2026-10-12 05:36:42,232559,779,2999,2022-09-27 13:13:16.557499,2022-09-27 13:13:16.437372
174,2022-05-30 16:16:49,2022-04-03 19:13:00,2026-06-18 03:11:30,166030,766,4737,2022-09-27 13:13:16.817897,2022-09-27 13:13:16.089171
200,2022-04-15 21:43:46,2022-04-17 23:39:24,2026-08-21 14:30:20,219700,535,4235,2022-09-27 13:13:16.541786,2022-09-27 13:13:16.901768
6,2022-04-09 09:20:51,2022-04-19 03:18:02,2026-08-23 15:07:57,166018,694,1293,2022-09-27 13:13:16.862949,2022-09-27 13:13:16.568838
171,2022-04-16 00:23:16,2022-04-28 11:39:58,2026-05-28 17:16:22,161844,618,3938,2022-09-27 13:13:16.659663,2022-09-27 13:13:16.824103
251,2022-04-16 11:20:41,2022-04-20 00:09:15,2026-11-09 03:15:43,164531,766,4586,2022-09-27 13:13:16.591267,2022-09-27 13:13:16.256691
55,2022-03-20 05:40:31,2022-04-17 06:12:15,2026-09-07 17:51:15,214062,766,1974,2022-09-27 13:13:16.917114,2022-09-27 13:13:16.870564
248,2022-04-22 22:01:47,2022-03-20 06:34:40,2026-10-13 02:26:53,286023,779,2121,2022-09-27 13:13:16.233232,2022-09-27 13:13:16.322659
275,2022-04-26 11:21:31,2022-05-06 14:42:38,2026-06-22 06:21:39,240450,802,2638,2022-09-27 13:13:16.268630,2022-09-27 13:13:16.569367
280,2022-05-15 05:25:40,2022-04-02 00:09:30,2026-06-22 03:33:31,158847,694,3118,2022-09-27 13:13:16.310059,2022-09-27 13:13:16.994410
203,2022-05-07 02:41:44,2022-04-11 09:29:04,2026-09-16 00:03:00,230195,802,3006,2022-09-27 13:13:16.340357,2022-09-27 13:13:16.149984
25,2022-05-03 21:34:55,2022-05-02 10:25:13,2026-06-19 13:07:04,138224,694,2287,2022-09-27 13:13:16.757402,2022-09-27 13:13:16.230633
191,2022-05-29 21:58:37,2022-04-11 02:18:53,2026-04-30 13:55:23,267911,766,2355,2022-09-27 13:13:17.510671,2022-09-27 13:13:17.372687
